REF_DATE,GEO,DGUID,North American Product Classification System (NAPCS),UOM,UOM_ID,SCALAR_FACTOR,SCALAR_ID,VECTOR,COORDINATE,VALUE,STATUS,SYMBOL,TERMINATED,DECIMALS
2016-01,Canada,2021A000011124,"Electrical, electronic, audiovisual and telecommunication products [P73]","Index, 202001=100",403,units,0,v1230996270,1.264,102.8,,,,1
2016-02,Canada,2021A000011124,"Electrical, electronic, audiovisual and telecommunication products [P73]","Index, 202001=100",403,units,0,v1230996270,1.264,101.6,,,,1
2016-03,Canada,2021A000011124,"Electrical, electronic, audiovisual and telecommunication products [P73]","Index, 202001=100",403,units,0,v1230996270,1.264,99.9,,,,1
2016-04,Canada,2021A000011124,"Electrical, electronic, audiovisual and telecommunication products [P73]","Index, 202001=100",403,units,0,v1230996270,1.264,98.7,,,,1
2016-05,Canada,2021A000011124,"Electrical, electronic, audiovisual and telecommunication products [P73]","Index, 202001=100",403,units,0,v1230996270,1.264,99.1,,,,1
2016-06,Canada,2021A000011124,"Electrical, electronic, audiovisual and telecommunication products [P73]","Index, 202001=100",403,units,0,v1230996270,1.264,99.1,,,,1
2016-07,Canada,2021A000011124,"Electrical, electronic, audiovisual and telecommunication products [P73]","Index, 202001=100",403,units,0,v1230996270,1.264,99.4,,,,1
2016-08,Canada,2021A000011124,"Electrical, electronic, audiovisual and telecommunication products [P73]","Index, 202001=100",403,units,0,v1230996270,1.264,99.1,,,,1
2016-09,Canada,2021A000011124,"Electrical, electronic, audiovisual and telecommunication products [P73]","Index, 202001=100",403,units,0,v1230996270,1.264,99.4,,,,1
2016-10,Canada,2021A000011124,"Electrical, electronic, audiovisual and telecommunication products [P73]","Index, 202001=100",403,units,0,v1230996270,1.264,100,,,,1
2016-11,Canada,2021A000011124,"Electrical, electronic, audiovisual and telecommunication products [P73]","Index, 202001=100",403,units,0,v1230996270,1.264,100.5,,,,1
2016-12,Canada,2021A000011124,"Electrical, electronic, audiovisual and telecommunication products [P73]","Index, 202001=100",403,units,0,v1230996270,1.264,100.2,,,,1
2017-01,Canada,2021A000011124,"Electrical, electronic, audiovisual and telecommunication products [P73]","Index, 202001=100",403,units,0,v1230996270,1.264,99.9,,,,1
2017-02,Canada,2021A000011124,"Electrical, electronic, audiovisual and telecommunication products [P73]","Index, 202001=100",403,units,0,v1230996270,1.264,99.6,,,,1
2017-03,Canada,2021A000011124,"Electrical, electronic, audiovisual and telecommunication products [P73]","Index, 202001=100",403,units,0,v1230996270,1.264,100.4,,,,1
2017-04,Canada,2021A000011124,"Electrical, electronic, audiovisual and telecommunication products [P73]","Index, 202001=100",403,units,0,v1230996270,1.264,100.7,,,,1
2017-05,Canada,2021A000011124,"Electrical, electronic, audiovisual and telecommunication products [P73]","Index, 202001=100",403,units,0,v1230996270,1.264,101.1,,,,1
2017-06,Canada,2021A000011124,"Electrical, electronic, audiovisual and telecommunication products [P73]","Index, 202001=100",403,units,0,v1230996270,1.264,100.3,,,,1
2017-07,Canada,2021A000011124,"Electrical, electronic, audiovisual and telecommunication products [P73]","Index, 202001=100",403,units,0,v1230996270,1.264,98.3,,,,1
2017-08,Canada,2021A000011124,"Electrical, electronic, audiovisual and telecommunication products [P73]","Index, 202001=100",403,units,0,v1230996270,1.264,98.1,,,,1
2017-09,Canada,2021A000011124,"Electrical, electronic, audiovisual and telecommunication products [P73]","Index, 202001=100",403,units,0,v1230996270,1.264,96.8,,,,1
2017-10,Canada,2021A000011124,"Electrical, electronic, audiovisual and telecommunication products [P73]","Index, 202001=100",403,units,0,v1230996270,1.264,98.3,,,,1
2017-11,Canada,2021A000011124,"Electrical, electronic, audiovisual and telecommunication products [P73]","Index, 202001=100",403,units,0,v1230996270,1.264,98.8,,,,1
2017-12,Canada,2021A000011124,"Electrical, electronic, audiovisual and telecommunication products [P73]","Index, 202001=100",403,units,0,v1230996270,1.264,98.7,,,,1
2018-01,Canada,2021A000011124,"Electrical, electronic, audiovisual and telecommunication products [P73]","Index, 202001=100",403,units,0,v1230996270,1.264,97.8,,,,1
2018-02,Canada,2021A000011124,"Electrical, electronic, audiovisual and telecommunication products [P73]","Index, 202001=100",403,units,0,v1230996270,1.264,98.1,,,,1
2018-03,Canada,2021A000011124,"Electrical, electronic, audiovisual and telecommunication products [P73]","Index, 202001=100",403,units,0,v1230996270,1.264,99.2,,,,1
2018-04,Canada,2021A000011124,"Electrical, electronic, audiovisual and telecommunication products [P73]","Index, 202001=100",403,units,0,v1230996270,1.264,98.8,,,,1
2018-05,Canada,2021A000011124,"Electrical, electronic, audiovisual and telecommunication products [P73]","Index, 202001=100",403,units,0,v1230996270,1.264,99.3,,,,1
2018-06,Canada,2021A000011124,"Electrical, electronic, audiovisual and telecommunication products [P73]","Index, 202001=100",403,units,0,v1230996270,1.264,100.3,,,,1
2018-07,Canada,2021A000011124,"Electrical, electronic, audiovisual and telecommunication products [P73]","Index, 202001=100",403,units,0,v1230996270,1.264,100,,,,1
2018-08,Canada,2021A000011124,"Electrical, electronic, audiovisual and telecommunication products [P73]","Index, 202001=100",403,units,0,v1230996270,1.264,99.8,,,,1
2018-09,Canada,2021A000011124,"Electrical, electronic, audiovisual and telecommunication products [P73]","Index, 202001=100",403,units,0,v1230996270,1.264,99.7,,,,1
2018-10,Canada,2021A000011124,"Electrical, electronic, audiovisual and telecommunication products [P73]","Index, 202001=100",403,units,0,v1230996270,1.264,99.9,,,,1
2018-11,Canada,2021A000011124,"Electrical, electronic, audiovisual and telecommunication products [P73]","Index, 202001=100",403,units,0,v1230996270,1.264,100.7,,,,1
2018-12,Canada,2021A000011124,"Electrical, electronic, audiovisual and telecommunication products [P73]","Index, 202001=100",403,units,0,v1230996270,1.264,101.3,,,,1
2019-01,Canada,2021A000011124,"Electrical, electronic, audiovisual and telecommunication products [P73]","Index, 202001=100",403,units,0,v1230996270,1.264,100.8,,,,1
2019-02,Canada,2021A000011124,"Electrical, electronic, audiovisual and telecommunication products [P73]","Index, 202001=100",403,units,0,v1230996270,1.264,100.4,,,,1
2019-03,Canada,2021A000011124,"Electrical, electronic, audiovisual and telecommunication products [P73]","Index, 202001=100",403,units,0,v1230996270,1.264,100.8,,,,1
2019-04,Canada,2021A000011124,"Electrical, electronic, audiovisual and telecommunication products [P73]","Index, 202001=100",403,units,0,v1230996270,1.264,101.1,,,,1
2019-05,Canada,2021A000011124,"Electrical, electronic, audiovisual and telecommunication products [P73]","Index, 202001=100",403,units,0,v1230996270,1.264,101.4,,,,1
2019-06,Canada,2021A000011124,"Electrical, electronic, audiovisual and telecommunication products [P73]","Index, 202001=100",403,units,0,v1230996270,1.264,100.8,,,,1
2019-07,Canada,2021A000011124,"Electrical, electronic, audiovisual and telecommunication products [P73]","Index, 202001=100",403,units,0,v1230996270,1.264,100,,,,1
2019-08,Canada,2021A000011124,"Electrical, electronic, audiovisual and telecommunication products [P73]","Index, 202001=100",403,units,0,v1230996270,1.264,100.5,,,,1
2019-09,Canada,2021A000011124,"Electrical, electronic, audiovisual and telecommunication products [P73]","Index, 202001=100",403,units,0,v1230996270,1.264,100.3,,,,1
2019-10,Canada,2021A000011124,"Electrical, electronic, audiovisual and telecommunication products [P73]","Index, 202001=100",403,units,0,v1230996270,1.264,100.1,,,,1
2019-11,Canada,2021A000011124,"Electrical, electronic, audiovisual and telecommunication products [P73]","Index, 202001=100",403,units,0,v1230996270,1.264,100.1,,,,1
2019-12,Canada,2021A000011124,"Electrical, electronic, audiovisual and telecommunication products [P73]","Index, 202001=100",403,units,0,v1230996270,1.264,100.1,,,,1
2020-01,Canada,2021A000011124,"Electrical, electronic, audiovisual and telecommunication products [P73]","Index, 202001=100",403,units,0,v1230996270,1.264,100,,,,1
2020-02,Canada,2021A000011124,"Electrical, electronic, audiovisual and telecommunication products [P73]","Index, 202001=100",403,units,0,v1230996270,1.264,101,,,,1
2020-03,Canada,2021A000011124,"Electrical, electronic, audiovisual and telecommunication products [P73]","Index, 202001=100",403,units,0,v1230996270,1.264,101.7,,,,1
2020-04,Canada,2021A000011124,"Electrical, electronic, audiovisual and telecommunication products [P73]","Index, 202001=100",403,units,0,v1230996270,1.264,102.5,,,,1
2020-05,Canada,2021A000011124,"Electrical, electronic, audiovisual and telecommunication products [P73]","Index, 202001=100",403,units,0,v1230996270,1.264,102.4,,,,1
2020-06,Canada,2021A000011124,"Electrical, electronic, audiovisual and telecommunication products [P73]","Index, 202001=100",403,units,0,v1230996270,1.264,101.4,,,,1
2020-07,Canada,2021A000011124,"Electrical, electronic, audiovisual and telecommunication products [P73]","Index, 202001=100",403,units,0,v1230996270,1.264,101.9,,,,1
2020-08,Canada,2021A000011124,"Electrical, electronic, audiovisual and telecommunication products [P73]","Index, 202001=100",403,units,0,v1230996270,1.264,100.8,,,,1
2020-09,Canada,2021A000011124,"Electrical, electronic, audiovisual and telecommunication products [P73]","Index, 202001=100",403,units,0,v1230996270,1.264,100.8,,,,1
2020-10,Canada,2021A000011124,"Electrical, electronic, audiovisual and telecommunication products [P73]","Index, 202001=100",403,units,0,v1230996270,1.264,101.1,,,,1
2020-11,Canada,2021A000011124,"Electrical, electronic, audiovisual and telecommunication products [P73]","Index, 202001=100",403,units,0,v1230996270,1.264,100.3,,,,1
2020-12,Canada,2021A000011124,"Electrical, electronic, audiovisual and telecommunication products [P73]","Index, 202001=100",403,units,0,v1230996270,1.264,101.5,,,,1
2021-01,Canada,2021A000011124,"Electrical, electronic, audiovisual and telecommunication products [P73]","Index, 202001=100",403,units,0,v1230996270,1.264,100.2,,,,1
2021-02,Canada,2021A000011124,"Electrical, electronic, audiovisual and telecommunication products [P73]","Index, 202001=100",403,units,0,v1230996270,1.264,101.7,,,,1
2021-03,Canada,2021A000011124,"Electrical, electronic, audiovisual and telecommunication products [P73]","Index, 202001=100",403,units,0,v1230996270,1.264,102.7,,,,1
2021-04,Canada,2021A000011124,"Electrical, electronic, audiovisual and telecommunication products [P73]","Index, 202001=100",403,units,0,v1230996270,1.264,104,,,,1
2021-05,Canada,2021A000011124,"Electrical, electronic, audiovisual and telecommunication products [P73]","Index, 202001=100",403,units,0,v1230996270,1.264,103,,,,1
2021-06,Canada,2021A000011124,"Electrical, electronic, audiovisual and telecommunication products [P73]","Index, 202001=100",403,units,0,v1230996270,1.264,105.5,,,,1
2021-07,Canada,2021A000011124,"Electrical, electronic, audiovisual and telecommunication products [P73]","Index, 202001=100",403,units,0,v1230996270,1.264,107.1,,,,1
2021-08,Canada,2021A000011124,"Electrical, electronic, audiovisual and telecommunication products [P73]","Index, 202001=100",403,units,0,v1230996270,1.264,107,,,,1
2021-09,Canada,2021A000011124,"Electrical, electronic, audiovisual and telecommunication products [P73]","Index, 202001=100",403,units,0,v1230996270,1.264,107,,,,1
2021-10,Canada,2021A000011124,"Electrical, electronic, audiovisual and telecommunication products [P73]","Index, 202001=100",403,units,0,v1230996270,1.264,110.9,,,,1
2021-11,Canada,2021A000011124,"Electrical, electronic, audiovisual and telecommunication products [P73]","Index, 202001=100",403,units,0,v1230996270,1.264,112.4,,,,1
2021-12,Canada,2021A000011124,"Electrical, electronic, audiovisual and telecommunication products [P73]","Index, 202001=100",403,units,0,v1230996270,1.264,113.6,,,,1
2022-01,Canada,2021A000011124,"Electrical, electronic, audiovisual and telecommunication products [P73]","Index, 202001=100",403,units,0,v1230996270,1.264,114.1,,,,1
2022-02,Canada,2021A000011124,"Electrical, electronic, audiovisual and telecommunication products [P73]","Index, 202001=100",403,units,0,v1230996270,1.264,119.2,,,,1
2022-03,Canada,2021A000011124,"Electrical, electronic, audiovisual and telecommunication products [P73]","Index, 202001=100",403,units,0,v1230996270,1.264,118,,,,1
2022-04,Canada,2021A000011124,"Electrical, electronic, audiovisual and telecommunication products [P73]","Index, 202001=100",403,units,0,v1230996270,1.264,121.1,,,,1
2022-05,Canada,2021A000011124,"Electrical, electronic, audiovisual and telecommunication products [P73]","Index, 202001=100",403,units,0,v1230996270,1.264,120.5,,,,1
2022-06,Canada,2021A000011124,"Electrical, electronic, audiovisual and telecommunication products [P73]","Index, 202001=100",403,units,0,v1230996270,1.264,120.9,,,,1
2022-07,Canada,2021A000011124,"Electrical, electronic, audiovisual and telecommunication products [P73]","Index, 202001=100",403,units,0,v1230996270,1.264,122.6,,,,1
2022-08,Canada,2021A000011124,"Electrical, electronic, audiovisual and telecommunication products [P73]","Index, 202001=100",403,units,0,v1230996270,1.264,122.5,,,,1
2022-09,Canada,2021A000011124,"Electrical, electronic, audiovisual and telecommunication products [P73]","Index, 202001=100",403,units,0,v1230996270,1.264,124.4,,,,1
2022-10,Canada,2021A000011124,"Electrical, electronic, audiovisual and telecommunication products [P73]","Index, 202001=100",403,units,0,v1230996270,1.264,125.8,,,,1
2022-11,Canada,2021A000011124,"Electrical, electronic, audiovisual and telecommunication products [P73]","Index, 202001=100",403,units,0,v1230996270,1.264,124.2,,,,1
2022-12,Canada,2021A000011124,"Electrical, electronic, audiovisual and telecommunication products [P73]","Index, 202001=100",403,units,0,v1230996270,1.264,124,,,,1
2023-01,Canada,2021A000011124,"Electrical, electronic, audiovisual and telecommunication products [P73]","Index, 202001=100",403,units,0,v1230996270,1.264,126.7,,,,1
2023-02,Canada,2021A000011124,"Electrical, electronic, audiovisual and telecommunication products [P73]","Index, 202001=100",403,units,0,v1230996270,1.264,127,,,,1
2023-03,Canada,2021A000011124,"Electrical, electronic, audiovisual and telecommunication products [P73]","Index, 202001=100",403,units,0,v1230996270,1.264,126.6,,,,1
2023-04,Canada,2021A000011124,"Electrical, electronic, audiovisual and telecommunication products [P73]","Index, 202001=100",403,units,0,v1230996270,1.264,129,,,,1
2023-05,Canada,2021A000011124,"Electrical, electronic, audiovisual and telecommunication products [P73]","Index, 202001=100",403,units,0,v1230996270,1.264,131.9,,,,1
2023-06,Canada,2021A000011124,"Electrical, electronic, audiovisual and telecommunication products [P73]","Index, 202001=100",403,units,0,v1230996270,1.264,126.8,,,,1
2023-07,Canada,2021A000011124,"Electrical, electronic, audiovisual and telecommunication products [P73]","Index, 202001=100",403,units,0,v1230996270,1.264,127.9,,,,1
2023-08,Canada,2021A000011124,"Electrical, electronic, audiovisual and telecommunication products [P73]","Index, 202001=100",403,units,0,v1230996270,1.264,129.5,,,,1
2023-09,Canada,2021A000011124,"Electrical, electronic, audiovisual and telecommunication products [P73]","Index, 202001=100",403,units,0,v1230996270,1.264,130.4,,,,1
2023-10,Canada,2021A000011124,"Electrical, electronic, audiovisual and telecommunication products [P73]","Index, 202001=100",403,units,0,v1230996270,1.264,129,,,,1
2023-11,Canada,2021A000011124,"Electrical, electronic, audiovisual and telecommunication products [P73]","Index, 202001=100",403,units,0,v1230996270,1.264,129.3,,,,1
2023-12,Canada,2021A000011124,"Electrical, electronic, audiovisual and telecommunication products [P73]","Index, 202001=100",403,units,0,v1230996270,1.264,128.1,,,,1
2024-01,Canada,2021A000011124,"Electrical, electronic, audiovisual and telecommunication products [P73]","Index, 202001=100",403,units,0,v1230996270,1.264,130.1,,,,1
2024-02,Canada,2021A000011124,"Electrical, electronic, audiovisual and telecommunication products [P73]","Index, 202001=100",403,units,0,v1230996270,1.264,129.2,,,,1
2024-03,Canada,2021A000011124,"Electrical, electronic, audiovisual and telecommunication products [P73]","Index, 202001=100",403,units,0,v1230996270,1.264,129.9,,,,1
2024-04,Canada,2021A000011124,"Electrical, electronic, audiovisual and telecommunication products [P73]","Index, 202001=100",403,units,0,v1230996270,1.264,133.8,,,,1
2024-05,Canada,2021A000011124,"Electrical, electronic, audiovisual and telecommunication products [P73]","Index, 202001=100",403,units,0,v1230996270,1.264,136.3,,,,1
2024-06,Canada,2021A000011124,"Electrical, electronic, audiovisual and telecommunication products [P73]","Index, 202001=100",403,units,0,v1230996270,1.264,134.6,,,,1
2024-07,Canada,2021A000011124,"Electrical, electronic, audiovisual and telecommunication products [P73]","Index, 202001=100",403,units,0,v1230996270,1.264,134.3,,,,1
2024-08,Canada,2021A000011124,"Electrical, electronic, audiovisual and telecommunication products [P73]","Index, 202001=100",403,units,0,v1230996270,1.264,134.2,,,,1
2024-09,Canada,2021A000011124,"Electrical, electronic, audiovisual and telecommunication products [P73]","Index, 202001=100",403,units,0,v1230996270,1.264,133.9,,,,1
2024-10,Canada,2021A000011124,"Electrical, electronic, audiovisual and telecommunication products [P73]","Index, 202001=100",403,units,0,v1230996270,1.264,137.4,,,,1
2024-11,Canada,2021A000011124,"Electrical, electronic, audiovisual and telecommunication products [P73]","Index, 202001=100",403,units,0,v1230996270,1.264,138.6,,,,1
2024-12,Canada,2021A000011124,"Electrical, electronic, audiovisual and telecommunication products [P73]","Index, 202001=100",403,units,0,v1230996270,1.264,139.9,,,,1
2025-01,Canada,2021A000011124,"Electrical, electronic, audiovisual and telecommunication products [P73]","Index, 202001=100",403,units,0,v1230996270,1.264,141.2,,,,1
2025-02,Canada,2021A000011124,"Electrical, electronic, audiovisual and telecommunication products [P73]","Index, 202001=100",403,units,0,v1230996270,1.264,142.4,,,,1
2025-03,Canada,2021A000011124,"Electrical, electronic, audiovisual and telecommunication products [P73]","Index, 202001=100",403,units,0,v1230996270,1.264,142.8,,,,1
2025-04,Canada,2021A000011124,"Electrical, electronic, audiovisual and telecommunication products [P73]","Index, 202001=100",403,units,0,v1230996270,1.264,142.8,,,,1
2025-05,Canada,2021A000011124,"Electrical, electronic, audiovisual and telecommunication products [P73]","Index, 202001=100",403,units,0,v1230996270,1.264,142.3,,,,1
2025-06,Canada,2021A000011124,"Electrical, electronic, audiovisual and telecommunication products [P73]","Index, 202001=100",403,units,0,v1230996270,1.264,139.2,,,,1
2025-07,Canada,2021A000011124,"Electrical, electronic, audiovisual and telecommunication products [P73]","Index, 202001=100",403,units,0,v1230996270,1.264,140.6,,,,1
2025-08,Canada,2021A000011124,"Electrical, electronic, audiovisual and telecommunication products [P73]","Index, 202001=100",403,units,0,v1230996270,1.264,141.9,,,,1
2025-09,Canada,2021A000011124,"Electrical, electronic, audiovisual and telecommunication products [P73]","Index, 202001=100",403,units,0,v1230996270,1.264,140.7,,,,1
2025-10,Canada,2021A000011124,"Electrical, electronic, audiovisual and telecommunication products [P73]","Index, 202001=100",403,units,0,v1230996270,1.264,143.2,,,,1
2025-11,Canada,2021A000011124,"Electrical, electronic, audiovisual and telecommunication products [P73]","Index, 202001=100",403,units,0,v1230996270,1.264,144.1,,,,1
2025-12,Canada,2021A000011124,"Electrical, electronic, audiovisual and telecommunication products [P73]","Index, 202001=100",403,units,0,v1230996270,1.264,143.1,,,,1
2016-01,Canada,2021A000011124,Communication and electric wire and cable [38121],"Index, 202001=100",403,units,0,v1230996290,1.284,94.7,,,,1
2016-02,Canada,2021A000011124,Communication and electric wire and cable [38121],"Index, 202001=100",403,units,0,v1230996290,1.284,94,,,,1
2016-03,Canada,2021A000011124,Communication and electric wire and cable [38121],"Index, 202001=100",403,units,0,v1230996290,1.284,92.9,,,,1
2016-04,Canada,2021A000011124,Communication and electric wire and cable [38121],"Index, 202001=100",403,units,0,v1230996290,1.284,93.1,,,,1
2016-05,Canada,2021A000011124,Communication and electric wire and cable [38121],"Index, 202001=100",403,units,0,v1230996290,1.284,92.5,,,,1
2016-06,Canada,2021A000011124,Communication and electric wire and cable [38121],"Index, 202001=100",403,units,0,v1230996290,1.284,92,,,,1
2016-07,Canada,2021A000011124,Communication and electric wire and cable [38121],"Index, 202001=100",403,units,0,v1230996290,1.284,92.9,,,,1
2016-08,Canada,2021A000011124,Communication and electric wire and cable [38121],"Index, 202001=100",403,units,0,v1230996290,1.284,91.9,,,,1
2016-09,Canada,2021A000011124,Communication and electric wire and cable [38121],"Index, 202001=100",403,units,0,v1230996290,1.284,92,,,,1
2016-10,Canada,2021A000011124,Communication and electric wire and cable [38121],"Index, 202001=100",403,units,0,v1230996290,1.284,94.2,,,,1
2016-11,Canada,2021A000011124,Communication and electric wire and cable [38121],"Index, 202001=100",403,units,0,v1230996290,1.284,95,,,,1
2016-12,Canada,2021A000011124,Communication and electric wire and cable [38121],"Index, 202001=100",403,units,0,v1230996290,1.284,94.6,,,,1
2017-01,Canada,2021A000011124,Communication and electric wire and cable [38121],"Index, 202001=100",403,units,0,v1230996290,1.284,94.4,,,,1
2017-02,Canada,2021A000011124,Communication and electric wire and cable [38121],"Index, 202001=100",403,units,0,v1230996290,1.284,95.6,,,,1
2017-03,Canada,2021A000011124,Communication and electric wire and cable [38121],"Index, 202001=100",403,units,0,v1230996290,1.284,95.5,,,,1
2017-04,Canada,2021A000011124,Communication and electric wire and cable [38121],"Index, 202001=100",403,units,0,v1230996290,1.284,95.1,,,,1
2017-05,Canada,2021A000011124,Communication and electric wire and cable [38121],"Index, 202001=100",403,units,0,v1230996290,1.284,95,,,,1
2017-06,Canada,2021A000011124,Communication and electric wire and cable [38121],"Index, 202001=100",403,units,0,v1230996290,1.284,94.9,,,,1
2017-07,Canada,2021A000011124,Communication and electric wire and cable [38121],"Index, 202001=100",403,units,0,v1230996290,1.284,95.2,,,,1
2017-08,Canada,2021A000011124,Communication and electric wire and cable [38121],"Index, 202001=100",403,units,0,v1230996290,1.284,95.6,,,,1
2017-09,Canada,2021A000011124,Communication and electric wire and cable [38121],"Index, 202001=100",403,units,0,v1230996290,1.284,96.8,,,,1
2017-10,Canada,2021A000011124,Communication and electric wire and cable [38121],"Index, 202001=100",403,units,0,v1230996290,1.284,97.9,,,,1
2017-11,Canada,2021A000011124,Communication and electric wire and cable [38121],"Index, 202001=100",403,units,0,v1230996290,1.284,98,,,,1
2017-12,Canada,2021A000011124,Communication and electric wire and cable [38121],"Index, 202001=100",403,units,0,v1230996290,1.284,97.9,,,,1
2018-01,Canada,2021A000011124,Communication and electric wire and cable [38121],"Index, 202001=100",403,units,0,v1230996290,1.284,99.3,,,,1
2018-02,Canada,2021A000011124,Communication and electric wire and cable [38121],"Index, 202001=100",403,units,0,v1230996290,1.284,98.4,,,,1
2018-03,Canada,2021A000011124,Communication and electric wire and cable [38121],"Index, 202001=100",403,units,0,v1230996290,1.284,98.4,,,,1
2018-04,Canada,2021A000011124,Communication and electric wire and cable [38121],"Index, 202001=100",403,units,0,v1230996290,1.284,98.6,,,,1
2018-05,Canada,2021A000011124,Communication and electric wire and cable [38121],"Index, 202001=100",403,units,0,v1230996290,1.284,98.8,,,,1
2018-06,Canada,2021A000011124,Communication and electric wire and cable [38121],"Index, 202001=100",403,units,0,v1230996290,1.284,100.7,,,,1
2018-07,Canada,2021A000011124,Communication and electric wire and cable [38121],"Index, 202001=100",403,units,0,v1230996290,1.284,99.1,,,,1
2018-08,Canada,2021A000011124,Communication and electric wire and cable [38121],"Index, 202001=100",403,units,0,v1230996290,1.284,98.4,,,,1
2018-09,Canada,2021A000011124,Communication and electric wire and cable [38121],"Index, 202001=100",403,units,0,v1230996290,1.284,97.6,,,,1
2018-10,Canada,2021A000011124,Communication and electric wire and cable [38121],"Index, 202001=100",403,units,0,v1230996290,1.284,97.5,,,,1
2018-11,Canada,2021A000011124,Communication and electric wire and cable [38121],"Index, 202001=100",403,units,0,v1230996290,1.284,97.5,,,,1
2018-12,Canada,2021A000011124,Communication and electric wire and cable [38121],"Index, 202001=100",403,units,0,v1230996290,1.284,97.3,,,,1
2019-01,Canada,2021A000011124,Communication and electric wire and cable [38121],"Index, 202001=100",403,units,0,v1230996290,1.284,97.3,,,,1
2019-02,Canada,2021A000011124,Communication and electric wire and cable [38121],"Index, 202001=100",403,units,0,v1230996290,1.284,97.4,,,,1
2019-03,Canada,2021A000011124,Communication and electric wire and cable [38121],"Index, 202001=100",403,units,0,v1230996290,1.284,98.8,,,,1
2019-04,Canada,2021A000011124,Communication and electric wire and cable [38121],"Index, 202001=100",403,units,0,v1230996290,1.284,98.6,,,,1
2019-05,Canada,2021A000011124,Communication and electric wire and cable [38121],"Index, 202001=100",403,units,0,v1230996290,1.284,98.9,,,,1
2019-06,Canada,2021A000011124,Communication and electric wire and cable [38121],"Index, 202001=100",403,units,0,v1230996290,1.284,98.7,,,,1
2019-07,Canada,2021A000011124,Communication and electric wire and cable [38121],"Index, 202001=100",403,units,0,v1230996290,1.284,97.7,,,,1
2019-08,Canada,2021A000011124,Communication and electric wire and cable [38121],"Index, 202001=100",403,units,0,v1230996290,1.284,97.7,,,,1
2019-09,Canada,2021A000011124,Communication and electric wire and cable [38121],"Index, 202001=100",403,units,0,v1230996290,1.284,97.5,,,,1
2019-10,Canada,2021A000011124,Communication and electric wire and cable [38121],"Index, 202001=100",403,units,0,v1230996290,1.284,97.5,,,,1
2019-11,Canada,2021A000011124,Communication and electric wire and cable [38121],"Index, 202001=100",403,units,0,v1230996290,1.284,97.4,,,,1
2019-12,Canada,2021A000011124,Communication and electric wire and cable [38121],"Index, 202001=100",403,units,0,v1230996290,1.284,96.8,,,,1
2020-01,Canada,2021A000011124,Communication and electric wire and cable [38121],"Index, 202001=100",403,units,0,v1230996290,1.284,100,,,,1
2020-02,Canada,2021A000011124,Communication and electric wire and cable [38121],"Index, 202001=100",403,units,0,v1230996290,1.284,97.8,,,,1
2020-03,Canada,2021A000011124,Communication and electric wire and cable [38121],"Index, 202001=100",403,units,0,v1230996290,1.284,95.5,,,,1
2020-04,Canada,2021A000011124,Communication and electric wire and cable [38121],"Index, 202001=100",403,units,0,v1230996290,1.284,94.3,,,,1
2020-05,Canada,2021A000011124,Communication and electric wire and cable [38121],"Index, 202001=100",403,units,0,v1230996290,1.284,94.3,,,,1
2020-06,Canada,2021A000011124,Communication and electric wire and cable [38121],"Index, 202001=100",403,units,0,v1230996290,1.284,93.9,,,,1
2020-07,Canada,2021A000011124,Communication and electric wire and cable [38121],"Index, 202001=100",403,units,0,v1230996290,1.284,97.5,,,,1
2020-08,Canada,2021A000011124,Communication and electric wire and cable [38121],"Index, 202001=100",403,units,0,v1230996290,1.284,100.3,,,,1
2020-09,Canada,2021A000011124,Communication and electric wire and cable [38121],"Index, 202001=100",403,units,0,v1230996290,1.284,101.8,,,,1
2020-10,Canada,2021A000011124,Communication and electric wire and cable [38121],"Index, 202001=100",403,units,0,v1230996290,1.284,102.4,,,,1
2020-11,Canada,2021A000011124,Communication and electric wire and cable [38121],"Index, 202001=100",403,units,0,v1230996290,1.284,104.6,,,,1
2020-12,Canada,2021A000011124,Communication and electric wire and cable [38121],"Index, 202001=100",403,units,0,v1230996290,1.284,115.1,,,,1
2021-01,Canada,2021A000011124,Communication and electric wire and cable [38121],"Index, 202001=100",403,units,0,v1230996290,1.284,116.3,,,,1
2021-02,Canada,2021A000011124,Communication and electric wire and cable [38121],"Index, 202001=100",403,units,0,v1230996290,1.284,118.4,,,,1
2021-03,Canada,2021A000011124,Communication and electric wire and cable [38121],"Index, 202001=100",403,units,0,v1230996290,1.284,127.3,,,,1
2021-04,Canada,2021A000011124,Communication and electric wire and cable [38121],"Index, 202001=100",403,units,0,v1230996290,1.284,137.1,,,,1
2021-05,Canada,2021A000011124,Communication and electric wire and cable [38121],"Index, 202001=100",403,units,0,v1230996290,1.284,147.2,,,,1
2021-06,Canada,2021A000011124,Communication and electric wire and cable [38121],"Index, 202001=100",403,units,0,v1230996290,1.284,164.2,,,,1
2021-07,Canada,2021A000011124,Communication and electric wire and cable [38121],"Index, 202001=100",403,units,0,v1230996290,1.284,162.3,,,,1
2021-08,Canada,2021A000011124,Communication and electric wire and cable [38121],"Index, 202001=100",403,units,0,v1230996290,1.284,162.3,,,,1
2021-09,Canada,2021A000011124,Communication and electric wire and cable [38121],"Index, 202001=100",403,units,0,v1230996290,1.284,162.3,,,,1
2021-10,Canada,2021A000011124,Communication and electric wire and cable [38121],"Index, 202001=100",403,units,0,v1230996290,1.284,181.2,,,,1
2021-11,Canada,2021A000011124,Communication and electric wire and cable [38121],"Index, 202001=100",403,units,0,v1230996290,1.284,181.2,,,,1
2021-12,Canada,2021A000011124,Communication and electric wire and cable [38121],"Index, 202001=100",403,units,0,v1230996290,1.284,181.7,,,,1
2022-01,Canada,2021A000011124,Communication and electric wire and cable [38121],"Index, 202001=100",403,units,0,v1230996290,1.284,183.2,,,,1
2022-02,Canada,2021A000011124,Communication and electric wire and cable [38121],"Index, 202001=100",403,units,0,v1230996290,1.284,207.9,,,,1
2022-03,Canada,2021A000011124,Communication and electric wire and cable [38121],"Index, 202001=100",403,units,0,v1230996290,1.284,211.7,,,,1
2022-04,Canada,2021A000011124,Communication and electric wire and cable [38121],"Index, 202001=100",403,units,0,v1230996290,1.284,214.1,,,,1
2022-05,Canada,2021A000011124,Communication and electric wire and cable [38121],"Index, 202001=100",403,units,0,v1230996290,1.284,203.3,,,,1
2022-06,Canada,2021A000011124,Communication and electric wire and cable [38121],"Index, 202001=100",403,units,0,v1230996290,1.284,187.9,,,,1
2022-07,Canada,2021A000011124,Communication and electric wire and cable [38121],"Index, 202001=100",403,units,0,v1230996290,1.284,186.3,,,,1
2022-08,Canada,2021A000011124,Communication and electric wire and cable [38121],"Index, 202001=100",403,units,0,v1230996290,1.284,186.3,,,,1
2022-09,Canada,2021A000011124,Communication and electric wire and cable [38121],"Index, 202001=100",403,units,0,v1230996290,1.284,185.8,,,,1
2022-10,Canada,2021A000011124,Communication and electric wire and cable [38121],"Index, 202001=100",403,units,0,v1230996290,1.284,182.9,,,,1
2022-11,Canada,2021A000011124,Communication and electric wire and cable [38121],"Index, 202001=100",403,units,0,v1230996290,1.284,178,,,,1
2022-12,Canada,2021A000011124,Communication and electric wire and cable [38121],"Index, 202001=100",403,units,0,v1230996290,1.284,176.7,,,,1
2023-01,Canada,2021A000011124,Communication and electric wire and cable [38121],"Index, 202001=100",403,units,0,v1230996290,1.284,177.2,,,,1
2023-02,Canada,2021A000011124,Communication and electric wire and cable [38121],"Index, 202001=100",403,units,0,v1230996290,1.284,176.1,,,,1
2023-03,Canada,2021A000011124,Communication and electric wire and cable [38121],"Index, 202001=100",403,units,0,v1230996290,1.284,175.2,,,,1
2023-04,Canada,2021A000011124,Communication and electric wire and cable [38121],"Index, 202001=100",403,units,0,v1230996290,1.284,173.5,,,,1
2023-05,Canada,2021A000011124,Communication and electric wire and cable [38121],"Index, 202001=100",403,units,0,v1230996290,1.284,172.2,,,,1
2023-06,Canada,2021A000011124,Communication and electric wire and cable [38121],"Index, 202001=100",403,units,0,v1230996290,1.284,168.5,,,,1
2023-07,Canada,2021A000011124,Communication and electric wire and cable [38121],"Index, 202001=100",403,units,0,v1230996290,1.284,166.3,,,,1
2023-08,Canada,2021A000011124,Communication and electric wire and cable [38121],"Index, 202001=100",403,units,0,v1230996290,1.284,164.2,,,,1
2023-09,Canada,2021A000011124,Communication and electric wire and cable [38121],"Index, 202001=100",403,units,0,v1230996290,1.284,162.6,,,,1
2023-10,Canada,2021A000011124,Communication and electric wire and cable [38121],"Index, 202001=100",403,units,0,v1230996290,1.284,156.2,,,,1
2023-11,Canada,2021A000011124,Communication and electric wire and cable [38121],"Index, 202001=100",403,units,0,v1230996290,1.284,156.8,,,,1
2023-12,Canada,2021A000011124,Communication and electric wire and cable [38121],"Index, 202001=100",403,units,0,v1230996290,1.284,157.2,,,,1
2024-01,Canada,2021A000011124,Communication and electric wire and cable [38121],"Index, 202001=100",403,units,0,v1230996290,1.284,156.1,,,,1
2024-02,Canada,2021A000011124,Communication and electric wire and cable [38121],"Index, 202001=100",403,units,0,v1230996290,1.284,156.2,,,,1
2024-03,Canada,2021A000011124,Communication and electric wire and cable [38121],"Index, 202001=100",403,units,0,v1230996290,1.284,157.2,,,,1
2024-04,Canada,2021A000011124,Communication and electric wire and cable [38121],"Index, 202001=100",403,units,0,v1230996290,1.284,162.8,,,,1
2024-05,Canada,2021A000011124,Communication and electric wire and cable [38121],"Index, 202001=100",403,units,0,v1230996290,1.284,172,,,,1
2024-06,Canada,2021A000011124,Communication and electric wire and cable [38121],"Index, 202001=100",403,units,0,v1230996290,1.284,174.3,,,,1
2024-07,Canada,2021A000011124,Communication and electric wire and cable [38121],"Index, 202001=100",403,units,0,v1230996290,1.284,168.7,,,,1
2024-08,Canada,2021A000011124,Communication and electric wire and cable [38121],"Index, 202001=100",403,units,0,v1230996290,1.284,163.4,,,,1
2024-09,Canada,2021A000011124,Communication and electric wire and cable [38121],"Index, 202001=100",403,units,0,v1230996290,1.284,162.1,,,,1
2024-10,Canada,2021A000011124,Communication and electric wire and cable [38121],"Index, 202001=100",403,units,0,v1230996290,1.284,167.2,,,,1
2024-11,Canada,2021A000011124,Communication and electric wire and cable [38121],"Index, 202001=100",403,units,0,v1230996290,1.284,168.1,,,,1
2024-12,Canada,2021A000011124,Communication and electric wire and cable [38121],"Index, 202001=100",403,units,0,v1230996290,1.284,165.9,,,,1
2025-01,Canada,2021A000011124,Communication and electric wire and cable [38121],"Index, 202001=100",403,units,0,v1230996290,1.284,169.3,,,,1
2025-02,Canada,2021A000011124,Communication and electric wire and cable [38121],"Index, 202001=100",403,units,0,v1230996290,1.284,173.6,,,,1
2025-03,Canada,2021A000011124,Communication and electric wire and cable [38121],"Index, 202001=100",403,units,0,v1230996290,1.284,177.6,,,,1
2025-04,Canada,2021A000011124,Communication and electric wire and cable [38121],"Index, 202001=100",403,units,0,v1230996290,1.284,178,,,,1
2025-05,Canada,2021A000011124,Communication and electric wire and cable [38121],"Index, 202001=100",403,units,0,v1230996290,1.284,176.8,,,,1
2025-06,Canada,2021A000011124,Communication and electric wire and cable [38121],"Index, 202001=100",403,units,0,v1230996290,1.284,174.2,,,,1
2025-07,Canada,2021A000011124,Communication and electric wire and cable [38121],"Index, 202001=100",403,units,0,v1230996290,1.284,186.3,,,,1
2025-08,Canada,2021A000011124,Communication and electric wire and cable [38121],"Index, 202001=100",403,units,0,v1230996290,1.284,170.7,,,,1
2025-09,Canada,2021A000011124,Communication and electric wire and cable [38121],"Index, 202001=100",403,units,0,v1230996290,1.284,170.9,,,,1
2025-10,Canada,2021A000011124,Communication and electric wire and cable [38121],"Index, 202001=100",403,units,0,v1230996290,1.284,175.9,,,,1
2025-11,Canada,2021A000011124,Communication and electric wire and cable [38121],"Index, 202001=100",403,units,0,v1230996290,1.284,176.9,,,,1
2025-12,Canada,2021A000011124,Communication and electric wire and cable [38121],"Index, 202001=100",403,units,0,v1230996290,1.284,183.5,,,,1
2016-01,Canada,2021A000011124,"Power, distribution and other transformers, and transformer parts [38122]","Index, 202001=100",403,units,0,v1230996291,1.285,98.7,,,,1
2016-02,Canada,2021A000011124,"Power, distribution and other transformers, and transformer parts [38122]","Index, 202001=100",403,units,0,v1230996291,1.285,98.7,,,,1
2016-03,Canada,2021A000011124,"Power, distribution and other transformers, and transformer parts [38122]","Index, 202001=100",403,units,0,v1230996291,1.285,98.7,,,,1
2016-04,Canada,2021A000011124,"Power, distribution and other transformers, and transformer parts [38122]","Index, 202001=100",403,units,0,v1230996291,1.285,98.6,,,,1
2016-05,Canada,2021A000011124,"Power, distribution and other transformers, and transformer parts [38122]","Index, 202001=100",403,units,0,v1230996291,1.285,98.6,,,,1
2016-06,Canada,2021A000011124,"Power, distribution and other transformers, and transformer parts [38122]","Index, 202001=100",403,units,0,v1230996291,1.285,98.7,,,,1
2016-07,Canada,2021A000011124,"Power, distribution and other transformers, and transformer parts [38122]","Index, 202001=100",403,units,0,v1230996291,1.285,97.4,,,,1
2016-08,Canada,2021A000011124,"Power, distribution and other transformers, and transformer parts [38122]","Index, 202001=100",403,units,0,v1230996291,1.285,97.5,,,,1
2016-09,Canada,2021A000011124,"Power, distribution and other transformers, and transformer parts [38122]","Index, 202001=100",403,units,0,v1230996291,1.285,97.5,,,,1
2016-10,Canada,2021A000011124,"Power, distribution and other transformers, and transformer parts [38122]","Index, 202001=100",403,units,0,v1230996291,1.285,98.1,,,,1
2016-11,Canada,2021A000011124,"Power, distribution and other transformers, and transformer parts [38122]","Index, 202001=100",403,units,0,v1230996291,1.285,98.1,,,,1
2016-12,Canada,2021A000011124,"Power, distribution and other transformers, and transformer parts [38122]","Index, 202001=100",403,units,0,v1230996291,1.285,97.9,,,,1
2017-01,Canada,2021A000011124,"Power, distribution and other transformers, and transformer parts [38122]","Index, 202001=100",403,units,0,v1230996291,1.285,99.4,,,,1
2017-02,Canada,2021A000011124,"Power, distribution and other transformers, and transformer parts [38122]","Index, 202001=100",403,units,0,v1230996291,1.285,99.2,,,,1
2017-03,Canada,2021A000011124,"Power, distribution and other transformers, and transformer parts [38122]","Index, 202001=100",403,units,0,v1230996291,1.285,99.2,,,,1
2017-04,Canada,2021A000011124,"Power, distribution and other transformers, and transformer parts [38122]","Index, 202001=100",403,units,0,v1230996291,1.285,100.2,,,,1
2017-05,Canada,2021A000011124,"Power, distribution and other transformers, and transformer parts [38122]","Index, 202001=100",403,units,0,v1230996291,1.285,100,,,,1
2017-06,Canada,2021A000011124,"Power, distribution and other transformers, and transformer parts [38122]","Index, 202001=100",403,units,0,v1230996291,1.285,100.2,,,,1
2017-07,Canada,2021A000011124,"Power, distribution and other transformers, and transformer parts [38122]","Index, 202001=100",403,units,0,v1230996291,1.285,100.9,,,,1
2017-08,Canada,2021A000011124,"Power, distribution and other transformers, and transformer parts [38122]","Index, 202001=100",403,units,0,v1230996291,1.285,100.8,,,,1
2017-09,Canada,2021A000011124,"Power, distribution and other transformers, and transformer parts [38122]","Index, 202001=100",403,units,0,v1230996291,1.285,100.9,,,,1
2017-10,Canada,2021A000011124,"Power, distribution and other transformers, and transformer parts [38122]","Index, 202001=100",403,units,0,v1230996291,1.285,100.2,,,,1
2017-11,Canada,2021A000011124,"Power, distribution and other transformers, and transformer parts [38122]","Index, 202001=100",403,units,0,v1230996291,1.285,100.3,,,,1
2017-12,Canada,2021A000011124,"Power, distribution and other transformers, and transformer parts [38122]","Index, 202001=100",403,units,0,v1230996291,1.285,100.3,,,,1
2018-01,Canada,2021A000011124,"Power, distribution and other transformers, and transformer parts [38122]","Index, 202001=100",403,units,0,v1230996291,1.285,100.8,,,,1
2018-02,Canada,2021A000011124,"Power, distribution and other transformers, and transformer parts [38122]","Index, 202001=100",403,units,0,v1230996291,1.285,100.9,,,,1
2018-03,Canada,2021A000011124,"Power, distribution and other transformers, and transformer parts [38122]","Index, 202001=100",403,units,0,v1230996291,1.285,100.7,,,,1
2018-04,Canada,2021A000011124,"Power, distribution and other transformers, and transformer parts [38122]","Index, 202001=100",403,units,0,v1230996291,1.285,101.6,,,,1
2018-05,Canada,2021A000011124,"Power, distribution and other transformers, and transformer parts [38122]","Index, 202001=100",403,units,0,v1230996291,1.285,102,,,,1
2018-06,Canada,2021A000011124,"Power, distribution and other transformers, and transformer parts [38122]","Index, 202001=100",403,units,0,v1230996291,1.285,101.6,,,,1
2018-07,Canada,2021A000011124,"Power, distribution and other transformers, and transformer parts [38122]","Index, 202001=100",403,units,0,v1230996291,1.285,102.3,,,,1
2018-08,Canada,2021A000011124,"Power, distribution and other transformers, and transformer parts [38122]","Index, 202001=100",403,units,0,v1230996291,1.285,102.3,,,,1
2018-09,Canada,2021A000011124,"Power, distribution and other transformers, and transformer parts [38122]","Index, 202001=100",403,units,0,v1230996291,1.285,102.7,,,,1
2018-10,Canada,2021A000011124,"Power, distribution and other transformers, and transformer parts [38122]","Index, 202001=100",403,units,0,v1230996291,1.285,101.9,,,,1
2018-11,Canada,2021A000011124,"Power, distribution and other transformers, and transformer parts [38122]","Index, 202001=100",403,units,0,v1230996291,1.285,101.9,,,,1
2018-12,Canada,2021A000011124,"Power, distribution and other transformers, and transformer parts [38122]","Index, 202001=100",403,units,0,v1230996291,1.285,102.1,,,,1
2019-01,Canada,2021A000011124,"Power, distribution and other transformers, and transformer parts [38122]","Index, 202001=100",403,units,0,v1230996291,1.285,101.5,,,,1
2019-02,Canada,2021A000011124,"Power, distribution and other transformers, and transformer parts [38122]","Index, 202001=100",403,units,0,v1230996291,1.285,101.8,,,,1
2019-03,Canada,2021A000011124,"Power, distribution and other transformers, and transformer parts [38122]","Index, 202001=100",403,units,0,v1230996291,1.285,100.1,,,,1
2019-04,Canada,2021A000011124,"Power, distribution and other transformers, and transformer parts [38122]","Index, 202001=100",403,units,0,v1230996291,1.285,101.5,,,,1
2019-05,Canada,2021A000011124,"Power, distribution and other transformers, and transformer parts [38122]","Index, 202001=100",403,units,0,v1230996291,1.285,101.6,,,,1
2019-06,Canada,2021A000011124,"Power, distribution and other transformers, and transformer parts [38122]","Index, 202001=100",403,units,0,v1230996291,1.285,101.2,,,,1
2019-07,Canada,2021A000011124,"Power, distribution and other transformers, and transformer parts [38122]","Index, 202001=100",403,units,0,v1230996291,1.285,101.3,,,,1
2019-08,Canada,2021A000011124,"Power, distribution and other transformers, and transformer parts [38122]","Index, 202001=100",403,units,0,v1230996291,1.285,101.2,,,,1
2019-09,Canada,2021A000011124,"Power, distribution and other transformers, and transformer parts [38122]","Index, 202001=100",403,units,0,v1230996291,1.285,100.8,,,,1
2019-10,Canada,2021A000011124,"Power, distribution and other transformers, and transformer parts [38122]","Index, 202001=100",403,units,0,v1230996291,1.285,100.1,,,,1
2019-11,Canada,2021A000011124,"Power, distribution and other transformers, and transformer parts [38122]","Index, 202001=100",403,units,0,v1230996291,1.285,100.1,,,,1
2019-12,Canada,2021A000011124,"Power, distribution and other transformers, and transformer parts [38122]","Index, 202001=100",403,units,0,v1230996291,1.285,100.1,,,,1
2020-01,Canada,2021A000011124,"Power, distribution and other transformers, and transformer parts [38122]","Index, 202001=100",403,units,0,v1230996291,1.285,100,,,,1
2020-02,Canada,2021A000011124,"Power, distribution and other transformers, and transformer parts [38122]","Index, 202001=100",403,units,0,v1230996291,1.285,100,,,,1
2020-03,Canada,2021A000011124,"Power, distribution and other transformers, and transformer parts [38122]","Index, 202001=100",403,units,0,v1230996291,1.285,100,,,,1
2020-04,Canada,2021A000011124,"Power, distribution and other transformers, and transformer parts [38122]","Index, 202001=100",403,units,0,v1230996291,1.285,100,,,,1
2020-05,Canada,2021A000011124,"Power, distribution and other transformers, and transformer parts [38122]","Index, 202001=100",403,units,0,v1230996291,1.285,100,,,,1
2020-06,Canada,2021A000011124,"Power, distribution and other transformers, and transformer parts [38122]","Index, 202001=100",403,units,0,v1230996291,1.285,99.8,,,,1
2020-07,Canada,2021A000011124,"Power, distribution and other transformers, and transformer parts [38122]","Index, 202001=100",403,units,0,v1230996291,1.285,101,,,,1
2020-08,Canada,2021A000011124,"Power, distribution and other transformers, and transformer parts [38122]","Index, 202001=100",403,units,0,v1230996291,1.285,101,,,,1
2020-09,Canada,2021A000011124,"Power, distribution and other transformers, and transformer parts [38122]","Index, 202001=100",403,units,0,v1230996291,1.285,101.1,,,,1
2020-10,Canada,2021A000011124,"Power, distribution and other transformers, and transformer parts [38122]","Index, 202001=100",403,units,0,v1230996291,1.285,100.9,,,,1
2020-11,Canada,2021A000011124,"Power, distribution and other transformers, and transformer parts [38122]","Index, 202001=100",403,units,0,v1230996291,1.285,101,,,,1
2020-12,Canada,2021A000011124,"Power, distribution and other transformers, and transformer parts [38122]","Index, 202001=100",403,units,0,v1230996291,1.285,101,,,,1
2021-01,Canada,2021A000011124,"Power, distribution and other transformers, and transformer parts [38122]","Index, 202001=100",403,units,0,v1230996291,1.285,101,,,,1
2021-02,Canada,2021A000011124,"Power, distribution and other transformers, and transformer parts [38122]","Index, 202001=100",403,units,0,v1230996291,1.285,101.2,,,,1
2021-03,Canada,2021A000011124,"Power, distribution and other transformers, and transformer parts [38122]","Index, 202001=100",403,units,0,v1230996291,1.285,101.3,,,,1
2021-04,Canada,2021A000011124,"Power, distribution and other transformers, and transformer parts [38122]","Index, 202001=100",403,units,0,v1230996291,1.285,101.9,,,,1
2021-05,Canada,2021A000011124,"Power, distribution and other transformers, and transformer parts [38122]","Index, 202001=100",403,units,0,v1230996291,1.285,101.9,,,,1
2021-06,Canada,2021A000011124,"Power, distribution and other transformers, and transformer parts [38122]","Index, 202001=100",403,units,0,v1230996291,1.285,101.9,,,,1
2021-07,Canada,2021A000011124,"Power, distribution and other transformers, and transformer parts [38122]","Index, 202001=100",403,units,0,v1230996291,1.285,102,,,,1
2021-08,Canada,2021A000011124,"Power, distribution and other transformers, and transformer parts [38122]","Index, 202001=100",403,units,0,v1230996291,1.285,102,,,,1
2021-09,Canada,2021A000011124,"Power, distribution and other transformers, and transformer parts [38122]","Index, 202001=100",403,units,0,v1230996291,1.285,102,,,,1
2021-10,Canada,2021A000011124,"Power, distribution and other transformers, and transformer parts [38122]","Index, 202001=100",403,units,0,v1230996291,1.285,114,,,,1
2021-11,Canada,2021A000011124,"Power, distribution and other transformers, and transformer parts [38122]","Index, 202001=100",403,units,0,v1230996291,1.285,114,,,,1
2021-12,Canada,2021A000011124,"Power, distribution and other transformers, and transformer parts [38122]","Index, 202001=100",403,units,0,v1230996291,1.285,114.5,,,,1
2022-01,Canada,2021A000011124,"Power, distribution and other transformers, and transformer parts [38122]","Index, 202001=100",403,units,0,v1230996291,1.285,115.1,,,,1
2022-02,Canada,2021A000011124,"Power, distribution and other transformers, and transformer parts [38122]","Index, 202001=100",403,units,0,v1230996291,1.285,115.1,,,,1
2022-03,Canada,2021A000011124,"Power, distribution and other transformers, and transformer parts [38122]","Index, 202001=100",403,units,0,v1230996291,1.285,115.1,,,,1
2022-04,Canada,2021A000011124,"Power, distribution and other transformers, and transformer parts [38122]","Index, 202001=100",403,units,0,v1230996291,1.285,127.2,,,,1
2022-05,Canada,2021A000011124,"Power, distribution and other transformers, and transformer parts [38122]","Index, 202001=100",403,units,0,v1230996291,1.285,128.1,,,,1
2022-06,Canada,2021A000011124,"Power, distribution and other transformers, and transformer parts [38122]","Index, 202001=100",403,units,0,v1230996291,1.285,128.7,,,,1
2022-07,Canada,2021A000011124,"Power, distribution and other transformers, and transformer parts [38122]","Index, 202001=100",403,units,0,v1230996291,1.285,136.5,,,,1
2022-08,Canada,2021A000011124,"Power, distribution and other transformers, and transformer parts [38122]","Index, 202001=100",403,units,0,v1230996291,1.285,138.3,,,,1
2022-09,Canada,2021A000011124,"Power, distribution and other transformers, and transformer parts [38122]","Index, 202001=100",403,units,0,v1230996291,1.285,138.9,,,,1
2022-10,Canada,2021A000011124,"Power, distribution and other transformers, and transformer parts [38122]","Index, 202001=100",403,units,0,v1230996291,1.285,139.6,,,,1
2022-11,Canada,2021A000011124,"Power, distribution and other transformers, and transformer parts [38122]","Index, 202001=100",403,units,0,v1230996291,1.285,139.3,,,,1
2022-12,Canada,2021A000011124,"Power, distribution and other transformers, and transformer parts [38122]","Index, 202001=100",403,units,0,v1230996291,1.285,139.3,,,,1
2023-01,Canada,2021A000011124,"Power, distribution and other transformers, and transformer parts [38122]","Index, 202001=100",403,units,0,v1230996291,1.285,142.1,,,,1
2023-02,Canada,2021A000011124,"Power, distribution and other transformers, and transformer parts [38122]","Index, 202001=100",403,units,0,v1230996291,1.285,143.7,,,,1
2023-03,Canada,2021A000011124,"Power, distribution and other transformers, and transformer parts [38122]","Index, 202001=100",403,units,0,v1230996291,1.285,143.8,,,,1
2023-04,Canada,2021A000011124,"Power, distribution and other transformers, and transformer parts [38122]","Index, 202001=100",403,units,0,v1230996291,1.285,143,,,,1
2023-05,Canada,2021A000011124,"Power, distribution and other transformers, and transformer parts [38122]","Index, 202001=100",403,units,0,v1230996291,1.285,144.3,,,,1
2023-06,Canada,2021A000011124,"Power, distribution and other transformers, and transformer parts [38122]","Index, 202001=100",403,units,0,v1230996291,1.285,144.3,,,,1
2023-07,Canada,2021A000011124,"Power, distribution and other transformers, and transformer parts [38122]","Index, 202001=100",403,units,0,v1230996291,1.285,143.5,,,,1
2023-08,Canada,2021A000011124,"Power, distribution and other transformers, and transformer parts [38122]","Index, 202001=100",403,units,0,v1230996291,1.285,143.4,,,,1
2023-09,Canada,2021A000011124,"Power, distribution and other transformers, and transformer parts [38122]","Index, 202001=100",403,units,0,v1230996291,1.285,143.2,,,,1
2023-10,Canada,2021A000011124,"Power, distribution and other transformers, and transformer parts [38122]","Index, 202001=100",403,units,0,v1230996291,1.285,141.8,,,,1
2023-11,Canada,2021A000011124,"Power, distribution and other transformers, and transformer parts [38122]","Index, 202001=100",403,units,0,v1230996291,1.285,142.1,,,,1
2023-12,Canada,2021A000011124,"Power, distribution and other transformers, and transformer parts [38122]","Index, 202001=100",403,units,0,v1230996291,1.285,141.1,,,,1
2024-01,Canada,2021A000011124,"Power, distribution and other transformers, and transformer parts [38122]","Index, 202001=100",403,units,0,v1230996291,1.285,156.2,,,,1
2024-02,Canada,2021A000011124,"Power, distribution and other transformers, and transformer parts [38122]","Index, 202001=100",403,units,0,v1230996291,1.285,154.4,,,,1
2024-03,Canada,2021A000011124,"Power, distribution and other transformers, and transformer parts [38122]","Index, 202001=100",403,units,0,v1230996291,1.285,155.9,,,,1
2024-04,Canada,2021A000011124,"Power, distribution and other transformers, and transformer parts [38122]","Index, 202001=100",403,units,0,v1230996291,1.285,155.4,,,,1
2024-05,Canada,2021A000011124,"Power, distribution and other transformers, and transformer parts [38122]","Index, 202001=100",403,units,0,v1230996291,1.285,155.5,,,,1
2024-06,Canada,2021A000011124,"Power, distribution and other transformers, and transformer parts [38122]","Index, 202001=100",403,units,0,v1230996291,1.285,155.2,,,,1
2024-07,Canada,2021A000011124,"Power, distribution and other transformers, and transformer parts [38122]","Index, 202001=100",403,units,0,v1230996291,1.285,154.8,,,,1
2024-08,Canada,2021A000011124,"Power, distribution and other transformers, and transformer parts [38122]","Index, 202001=100",403,units,0,v1230996291,1.285,157.3,,,,1
2024-09,Canada,2021A000011124,"Power, distribution and other transformers, and transformer parts [38122]","Index, 202001=100",403,units,0,v1230996291,1.285,159.3,,,,1
2024-10,Canada,2021A000011124,"Power, distribution and other transformers, and transformer parts [38122]","Index, 202001=100",403,units,0,v1230996291,1.285,163.3,,,,1
2024-11,Canada,2021A000011124,"Power, distribution and other transformers, and transformer parts [38122]","Index, 202001=100",403,units,0,v1230996291,1.285,165.1,,,,1
2024-12,Canada,2021A000011124,"Power, distribution and other transformers, and transformer parts [38122]","Index, 202001=100",403,units,0,v1230996291,1.285,164.3,,,,1
2025-01,Canada,2021A000011124,"Power, distribution and other transformers, and transformer parts [38122]","Index, 202001=100",403,units,0,v1230996291,1.285,160.7,,,,1
2025-02,Canada,2021A000011124,"Power, distribution and other transformers, and transformer parts [38122]","Index, 202001=100",403,units,0,v1230996291,1.285,162.8,,,,1
2025-03,Canada,2021A000011124,"Power, distribution and other transformers, and transformer parts [38122]","Index, 202001=100",403,units,0,v1230996291,1.285,162.8,,,,1
2025-04,Canada,2021A000011124,"Power, distribution and other transformers, and transformer parts [38122]","Index, 202001=100",403,units,0,v1230996291,1.285,164.8,,,,1
2025-05,Canada,2021A000011124,"Power, distribution and other transformers, and transformer parts [38122]","Index, 202001=100",403,units,0,v1230996291,1.285,163.9,,,,1
2025-06,Canada,2021A000011124,"Power, distribution and other transformers, and transformer parts [38122]","Index, 202001=100",403,units,0,v1230996291,1.285,161.6,,,,1
2025-07,Canada,2021A000011124,"Power, distribution and other transformers, and transformer parts [38122]","Index, 202001=100",403,units,0,v1230996291,1.285,162.2,,,,1
2025-08,Canada,2021A000011124,"Power, distribution and other transformers, and transformer parts [38122]","Index, 202001=100",403,units,0,v1230996291,1.285,159.6,,,,1
2025-09,Canada,2021A000011124,"Power, distribution and other transformers, and transformer parts [38122]","Index, 202001=100",403,units,0,v1230996291,1.285,162.5,,,,1
2025-10,Canada,2021A000011124,"Power, distribution and other transformers, and transformer parts [38122]","Index, 202001=100",403,units,0,v1230996291,1.285,166.4,,,,1
2025-11,Canada,2021A000011124,"Power, distribution and other transformers, and transformer parts [38122]","Index, 202001=100",403,units,0,v1230996291,1.285,169.2,,,,1
2025-12,Canada,2021A000011124,"Power, distribution and other transformers, and transformer parts [38122]","Index, 202001=100",403,units,0,v1230996291,1.285,167.1,,,,1
2016-01,Canada,2021A000011124,Power and distribution transformers [381221],"Index, 202001=100",403,units,0,v1324952516,1.381,98.7,,,,1
2016-02,Canada,2021A000011124,Power and distribution transformers [381221],"Index, 202001=100",403,units,0,v1324952516,1.381,98.7,,,,1
2016-03,Canada,2021A000011124,Power and distribution transformers [381221],"Index, 202001=100",403,units,0,v1324952516,1.381,98.7,,,,1
2016-04,Canada,2021A000011124,Power and distribution transformers [381221],"Index, 202001=100",403,units,0,v1324952516,1.381,98.6,,,,1
2016-05,Canada,2021A000011124,Power and distribution transformers [381221],"Index, 202001=100",403,units,0,v1324952516,1.381,98.6,,,,1
2016-06,Canada,2021A000011124,Power and distribution transformers [381221],"Index, 202001=100",403,units,0,v1324952516,1.381,98.6,,,,1
2016-07,Canada,2021A000011124,Power and distribution transformers [381221],"Index, 202001=100",403,units,0,v1324952516,1.381,96.8,,,,1
2016-08,Canada,2021A000011124,Power and distribution transformers [381221],"Index, 202001=100",403,units,0,v1324952516,1.381,96.8,,,,1
2016-09,Canada,2021A000011124,Power and distribution transformers [381221],"Index, 202001=100",403,units,0,v1324952516,1.381,96.8,,,,1
2016-10,Canada,2021A000011124,Power and distribution transformers [381221],"Index, 202001=100",403,units,0,v1324952516,1.381,97.2,,,,1
2016-11,Canada,2021A000011124,Power and distribution transformers [381221],"Index, 202001=100",403,units,0,v1324952516,1.381,97.2,,,,1
2016-12,Canada,2021A000011124,Power and distribution transformers [381221],"Index, 202001=100",403,units,0,v1324952516,1.381,97.1,,,,1
2017-01,Canada,2021A000011124,Power and distribution transformers [381221],"Index, 202001=100",403,units,0,v1324952516,1.381,98.8,,,,1
2017-02,Canada,2021A000011124,Power and distribution transformers [381221],"Index, 202001=100",403,units,0,v1324952516,1.381,98.8,,,,1
2017-03,Canada,2021A000011124,Power and distribution transformers [381221],"Index, 202001=100",403,units,0,v1324952516,1.381,98.8,,,,1
2017-04,Canada,2021A000011124,Power and distribution transformers [381221],"Index, 202001=100",403,units,0,v1324952516,1.381,100.1,,,,1
2017-05,Canada,2021A000011124,Power and distribution transformers [381221],"Index, 202001=100",403,units,0,v1324952516,1.381,100.1,,,,1
2017-06,Canada,2021A000011124,Power and distribution transformers [381221],"Index, 202001=100",403,units,0,v1324952516,1.381,100.1,,,,1
2017-07,Canada,2021A000011124,Power and distribution transformers [381221],"Index, 202001=100",403,units,0,v1324952516,1.381,100.9,,,,1
2017-08,Canada,2021A000011124,Power and distribution transformers [381221],"Index, 202001=100",403,units,0,v1324952516,1.381,100.9,,,,1
2017-09,Canada,2021A000011124,Power and distribution transformers [381221],"Index, 202001=100",403,units,0,v1324952516,1.381,100.9,,,,1
2017-10,Canada,2021A000011124,Power and distribution transformers [381221],"Index, 202001=100",403,units,0,v1324952516,1.381,99.8,,,,1
2017-11,Canada,2021A000011124,Power and distribution transformers [381221],"Index, 202001=100",403,units,0,v1324952516,1.381,99.8,,,,1
2017-12,Canada,2021A000011124,Power and distribution transformers [381221],"Index, 202001=100",403,units,0,v1324952516,1.381,99.8,,,,1
2018-01,Canada,2021A000011124,Power and distribution transformers [381221],"Index, 202001=100",403,units,0,v1324952516,1.381,100.3,,,,1
2018-02,Canada,2021A000011124,Power and distribution transformers [381221],"Index, 202001=100",403,units,0,v1324952516,1.381,100.3,,,,1
2018-03,Canada,2021A000011124,Power and distribution transformers [381221],"Index, 202001=100",403,units,0,v1324952516,1.381,100.3,,,,1
2018-04,Canada,2021A000011124,Power and distribution transformers [381221],"Index, 202001=100",403,units,0,v1324952516,1.381,100.9,,,,1
2018-05,Canada,2021A000011124,Power and distribution transformers [381221],"Index, 202001=100",403,units,0,v1324952516,1.381,100.9,,,,1
2018-06,Canada,2021A000011124,Power and distribution transformers [381221],"Index, 202001=100",403,units,0,v1324952516,1.381,100.9,,,,1
2018-07,Canada,2021A000011124,Power and distribution transformers [381221],"Index, 202001=100",403,units,0,v1324952516,1.381,101.4,,,,1
2018-08,Canada,2021A000011124,Power and distribution transformers [381221],"Index, 202001=100",403,units,0,v1324952516,1.381,101.5,,,,1
2018-09,Canada,2021A000011124,Power and distribution transformers [381221],"Index, 202001=100",403,units,0,v1324952516,1.381,101.5,,,,1
2018-10,Canada,2021A000011124,Power and distribution transformers [381221],"Index, 202001=100",403,units,0,v1324952516,1.381,100.3,,,,1
2018-11,Canada,2021A000011124,Power and distribution transformers [381221],"Index, 202001=100",403,units,0,v1324952516,1.381,100.3,,,,1
2018-12,Canada,2021A000011124,Power and distribution transformers [381221],"Index, 202001=100",403,units,0,v1324952516,1.381,100.3,,,,1
2019-01,Canada,2021A000011124,Power and distribution transformers [381221],"Index, 202001=100",403,units,0,v1324952516,1.381,99.9,,,,1
2019-02,Canada,2021A000011124,Power and distribution transformers [381221],"Index, 202001=100",403,units,0,v1324952516,1.381,100.1,,,,1
2019-03,Canada,2021A000011124,Power and distribution transformers [381221],"Index, 202001=100",403,units,0,v1324952516,1.381,100.1,,,,1
2019-04,Canada,2021A000011124,Power and distribution transformers [381221],"Index, 202001=100",403,units,0,v1324952516,1.381,101.3,,,,1
2019-05,Canada,2021A000011124,Power and distribution transformers [381221],"Index, 202001=100",403,units,0,v1324952516,1.381,101.3,,,,1
2019-06,Canada,2021A000011124,Power and distribution transformers [381221],"Index, 202001=100",403,units,0,v1324952516,1.381,101.3,,,,1
2019-07,Canada,2021A000011124,Power and distribution transformers [381221],"Index, 202001=100",403,units,0,v1324952516,1.381,101.5,,,,1
2019-08,Canada,2021A000011124,Power and distribution transformers [381221],"Index, 202001=100",403,units,0,v1324952516,1.381,101.3,,,,1
2019-09,Canada,2021A000011124,Power and distribution transformers [381221],"Index, 202001=100",403,units,0,v1324952516,1.381,101,,,,1
2019-10,Canada,2021A000011124,Power and distribution transformers [381221],"Index, 202001=100",403,units,0,v1324952516,1.381,99.9,,,,1
2019-11,Canada,2021A000011124,Power and distribution transformers [381221],"Index, 202001=100",403,units,0,v1324952516,1.381,100,,,,1
2019-12,Canada,2021A000011124,Power and distribution transformers [381221],"Index, 202001=100",403,units,0,v1324952516,1.381,100,,,,1
2020-01,Canada,2021A000011124,Power and distribution transformers [381221],"Index, 202001=100",403,units,0,v1324952516,1.381,100,,,,1
2020-02,Canada,2021A000011124,Power and distribution transformers [381221],"Index, 202001=100",403,units,0,v1324952516,1.381,100,,,,1
2020-03,Canada,2021A000011124,Power and distribution transformers [381221],"Index, 202001=100",403,units,0,v1324952516,1.381,100,,,,1
2020-04,Canada,2021A000011124,Power and distribution transformers [381221],"Index, 202001=100",403,units,0,v1324952516,1.381,100,,,,1
2020-05,Canada,2021A000011124,Power and distribution transformers [381221],"Index, 202001=100",403,units,0,v1324952516,1.381,100,,,,1
2020-06,Canada,2021A000011124,Power and distribution transformers [381221],"Index, 202001=100",403,units,0,v1324952516,1.381,100,,,,1
2020-07,Canada,2021A000011124,Power and distribution transformers [381221],"Index, 202001=100",403,units,0,v1324952516,1.381,101,,,,1
2020-08,Canada,2021A000011124,Power and distribution transformers [381221],"Index, 202001=100",403,units,0,v1324952516,1.381,101,,,,1
2020-09,Canada,2021A000011124,Power and distribution transformers [381221],"Index, 202001=100",403,units,0,v1324952516,1.381,101,,,,1
2020-10,Canada,2021A000011124,Power and distribution transformers [381221],"Index, 202001=100",403,units,0,v1324952516,1.381,100.8,,,,1
2020-11,Canada,2021A000011124,Power and distribution transformers [381221],"Index, 202001=100",403,units,0,v1324952516,1.381,100.8,,,,1
2020-12,Canada,2021A000011124,Power and distribution transformers [381221],"Index, 202001=100",403,units,0,v1324952516,1.381,100.8,,,,1
2021-01,Canada,2021A000011124,Power and distribution transformers [381221],"Index, 202001=100",403,units,0,v1324952516,1.381,100.8,,,,1
2021-02,Canada,2021A000011124,Power and distribution transformers [381221],"Index, 202001=100",403,units,0,v1324952516,1.381,101,,,,1
2021-03,Canada,2021A000011124,Power and distribution transformers [381221],"Index, 202001=100",403,units,0,v1324952516,1.381,101.1,,,,1
2021-04,Canada,2021A000011124,Power and distribution transformers [381221],"Index, 202001=100",403,units,0,v1324952516,1.381,101.2,,,,1
2021-05,Canada,2021A000011124,Power and distribution transformers [381221],"Index, 202001=100",403,units,0,v1324952516,1.381,101.2,,,,1
2021-06,Canada,2021A000011124,Power and distribution transformers [381221],"Index, 202001=100",403,units,0,v1324952516,1.381,101.2,,,,1
2021-07,Canada,2021A000011124,Power and distribution transformers [381221],"Index, 202001=100",403,units,0,v1324952516,1.381,101.2,,,,1
2021-08,Canada,2021A000011124,Power and distribution transformers [381221],"Index, 202001=100",403,units,0,v1324952516,1.381,101.2,,,,1
2021-09,Canada,2021A000011124,Power and distribution transformers [381221],"Index, 202001=100",403,units,0,v1324952516,1.381,101.2,,,,1
2021-10,Canada,2021A000011124,Power and distribution transformers [381221],"Index, 202001=100",403,units,0,v1324952516,1.381,113.6,,,,1
2021-11,Canada,2021A000011124,Power and distribution transformers [381221],"Index, 202001=100",403,units,0,v1324952516,1.381,113.6,,,,1
2021-12,Canada,2021A000011124,Power and distribution transformers [381221],"Index, 202001=100",403,units,0,v1324952516,1.381,114.2,,,,1
2022-01,Canada,2021A000011124,Power and distribution transformers [381221],"Index, 202001=100",403,units,0,v1324952516,1.381,114.4,,,,1
2022-02,Canada,2021A000011124,Power and distribution transformers [381221],"Index, 202001=100",403,units,0,v1324952516,1.381,114.4,,,,1
2022-03,Canada,2021A000011124,Power and distribution transformers [381221],"Index, 202001=100",403,units,0,v1324952516,1.381,114.4,,,,1
2022-04,Canada,2021A000011124,Power and distribution transformers [381221],"Index, 202001=100",403,units,0,v1324952516,1.381,126.2,,,,1
2022-05,Canada,2021A000011124,Power and distribution transformers [381221],"Index, 202001=100",403,units,0,v1324952516,1.381,127.1,,,,1
2022-06,Canada,2021A000011124,Power and distribution transformers [381221],"Index, 202001=100",403,units,0,v1324952516,1.381,127.1,,,,1
2022-07,Canada,2021A000011124,Power and distribution transformers [381221],"Index, 202001=100",403,units,0,v1324952516,1.381,136,,,,1
2022-08,Canada,2021A000011124,Power and distribution transformers [381221],"Index, 202001=100",403,units,0,v1324952516,1.381,136,,,,1
2022-09,Canada,2021A000011124,Power and distribution transformers [381221],"Index, 202001=100",403,units,0,v1324952516,1.381,136.6,,,,1
2022-10,Canada,2021A000011124,Power and distribution transformers [381221],"Index, 202001=100",403,units,0,v1324952516,1.381,135.6,,,,1
2022-11,Canada,2021A000011124,Power and distribution transformers [381221],"Index, 202001=100",403,units,0,v1324952516,1.381,135.6,,,,1
2022-12,Canada,2021A000011124,Power and distribution transformers [381221],"Index, 202001=100",403,units,0,v1324952516,1.381,135.6,,,,1
2023-01,Canada,2021A000011124,Power and distribution transformers [381221],"Index, 202001=100",403,units,0,v1324952516,1.381,140.1,,,,1
2023-02,Canada,2021A000011124,Power and distribution transformers [381221],"Index, 202001=100",403,units,0,v1324952516,1.381,140.1,,,,1
2023-03,Canada,2021A000011124,Power and distribution transformers [381221],"Index, 202001=100",403,units,0,v1324952516,1.381,140.1,,,,1
2023-04,Canada,2021A000011124,Power and distribution transformers [381221],"Index, 202001=100",403,units,0,v1324952516,1.381,140.8,,,,1
2023-05,Canada,2021A000011124,Power and distribution transformers [381221],"Index, 202001=100",403,units,0,v1324952516,1.381,140.8,,,,1
2023-06,Canada,2021A000011124,Power and distribution transformers [381221],"Index, 202001=100",403,units,0,v1324952516,1.381,140.8,,,,1
2023-07,Canada,2021A000011124,Power and distribution transformers [381221],"Index, 202001=100",403,units,0,v1324952516,1.381,140.3,,,,1
2023-08,Canada,2021A000011124,Power and distribution transformers [381221],"Index, 202001=100",403,units,0,v1324952516,1.381,140.3,,,,1
2023-09,Canada,2021A000011124,Power and distribution transformers [381221],"Index, 202001=100",403,units,0,v1324952516,1.381,140.3,,,,1
2023-10,Canada,2021A000011124,Power and distribution transformers [381221],"Index, 202001=100",403,units,0,v1324952516,1.381,138.7,,,,1
2023-11,Canada,2021A000011124,Power and distribution transformers [381221],"Index, 202001=100",403,units,0,v1324952516,1.381,138.7,,,,1
2023-12,Canada,2021A000011124,Power and distribution transformers [381221],"Index, 202001=100",403,units,0,v1324952516,1.381,138.7,,,,1
2024-01,Canada,2021A000011124,Power and distribution transformers [381221],"Index, 202001=100",403,units,0,v1324952516,1.381,153.2,,,,1
2024-02,Canada,2021A000011124,Power and distribution transformers [381221],"Index, 202001=100",403,units,0,v1324952516,1.381,153.2,,,,1
2024-03,Canada,2021A000011124,Power and distribution transformers [381221],"Index, 202001=100",403,units,0,v1324952516,1.381,153.2,,,,1
2024-04,Canada,2021A000011124,Power and distribution transformers [381221],"Index, 202001=100",403,units,0,v1324952516,1.381,152.5,,,,1
2024-05,Canada,2021A000011124,Power and distribution transformers [381221],"Index, 202001=100",403,units,0,v1324952516,1.381,152.5,,,,1
2024-06,Canada,2021A000011124,Power and distribution transformers [381221],"Index, 202001=100",403,units,0,v1324952516,1.381,152.5,,,,1
2024-07,Canada,2021A000011124,Power and distribution transformers [381221],"Index, 202001=100",403,units,0,v1324952516,1.381,152.5,,,,1
2024-08,Canada,2021A000011124,Power and distribution transformers [381221],"Index, 202001=100",403,units,0,v1324952516,1.381,152.5,,,,1
2024-09,Canada,2021A000011124,Power and distribution transformers [381221],"Index, 202001=100",403,units,0,v1324952516,1.381,152.5,,,,1
2024-10,Canada,2021A000011124,Power and distribution transformers [381221],"Index, 202001=100",403,units,0,v1324952516,1.381,152.6,,,,1
2024-11,Canada,2021A000011124,Power and distribution transformers [381221],"Index, 202001=100",403,units,0,v1324952516,1.381,152.6,,,,1
2024-12,Canada,2021A000011124,Power and distribution transformers [381221],"Index, 202001=100",403,units,0,v1324952516,1.381,152.6,,,,1
2025-01,Canada,2021A000011124,Power and distribution transformers [381221],"Index, 202001=100",403,units,0,v1324952516,1.381,152.6,,,,1
2025-02,Canada,2021A000011124,Power and distribution transformers [381221],"Index, 202001=100",403,units,0,v1324952516,1.381,152.6,,,,1
2025-03,Canada,2021A000011124,Power and distribution transformers [381221],"Index, 202001=100",403,units,0,v1324952516,1.381,152.6,,,,1
2025-04,Canada,2021A000011124,Power and distribution transformers [381221],"Index, 202001=100",403,units,0,v1324952516,1.381,154.3,,,,1
2025-05,Canada,2021A000011124,Power and distribution transformers [381221],"Index, 202001=100",403,units,0,v1324952516,1.381,154.3,,,,1
2025-06,Canada,2021A000011124,Power and distribution transformers [381221],"Index, 202001=100",403,units,0,v1324952516,1.381,154.3,,,,1
2025-07,Canada,2021A000011124,Power and distribution transformers [381221],"Index, 202001=100",403,units,0,v1324952516,1.381,154.3,,,,1
2025-08,Canada,2021A000011124,Power and distribution transformers [381221],"Index, 202001=100",403,units,0,v1324952516,1.381,154.3,,,,1
2025-09,Canada,2021A000011124,Power and distribution transformers [381221],"Index, 202001=100",403,units,0,v1324952516,1.381,154.3,,,,1
2025-10,Canada,2021A000011124,Power and distribution transformers [381221],"Index, 202001=100",403,units,0,v1324952516,1.381,157.7,,,,1
2025-11,Canada,2021A000011124,Power and distribution transformers [381221],"Index, 202001=100",403,units,0,v1324952516,1.381,157.7,,,,1
2025-12,Canada,2021A000011124,Power and distribution transformers [381221],"Index, 202001=100",403,units,0,v1324952516,1.381,157.7,,,,1
2016-01,Canada,2021A000011124,"Switchgear, switchboards, relays, and industrial control apparatus [38123]","Index, 202001=100",403,units,0,v1230996292,1.286,99,,,,1
2016-02,Canada,2021A000011124,"Switchgear, switchboards, relays, and industrial control apparatus [38123]","Index, 202001=100",403,units,0,v1230996292,1.286,99,,,,1
2016-03,Canada,2021A000011124,"Switchgear, switchboards, relays, and industrial control apparatus [38123]","Index, 202001=100",403,units,0,v1230996292,1.286,99,,,,1
2016-04,Canada,2021A000011124,"Switchgear, switchboards, relays, and industrial control apparatus [38123]","Index, 202001=100",403,units,0,v1230996292,1.286,99,,,,1
2016-05,Canada,2021A000011124,"Switchgear, switchboards, relays, and industrial control apparatus [38123]","Index, 202001=100",403,units,0,v1230996292,1.286,99,,,,1
2016-06,Canada,2021A000011124,"Switchgear, switchboards, relays, and industrial control apparatus [38123]","Index, 202001=100",403,units,0,v1230996292,1.286,99,,,,1
2016-07,Canada,2021A000011124,"Switchgear, switchboards, relays, and industrial control apparatus [38123]","Index, 202001=100",403,units,0,v1230996292,1.286,99,,,,1
2016-08,Canada,2021A000011124,"Switchgear, switchboards, relays, and industrial control apparatus [38123]","Index, 202001=100",403,units,0,v1230996292,1.286,99,,,,1
2016-09,Canada,2021A000011124,"Switchgear, switchboards, relays, and industrial control apparatus [38123]","Index, 202001=100",403,units,0,v1230996292,1.286,99,,,,1
2016-10,Canada,2021A000011124,"Switchgear, switchboards, relays, and industrial control apparatus [38123]","Index, 202001=100",403,units,0,v1230996292,1.286,99,,,,1
2016-11,Canada,2021A000011124,"Switchgear, switchboards, relays, and industrial control apparatus [38123]","Index, 202001=100",403,units,0,v1230996292,1.286,99,,,,1
2016-12,Canada,2021A000011124,"Switchgear, switchboards, relays, and industrial control apparatus [38123]","Index, 202001=100",403,units,0,v1230996292,1.286,99,,,,1
2017-01,Canada,2021A000011124,"Switchgear, switchboards, relays, and industrial control apparatus [38123]","Index, 202001=100",403,units,0,v1230996292,1.286,99,,,,1
2017-02,Canada,2021A000011124,"Switchgear, switchboards, relays, and industrial control apparatus [38123]","Index, 202001=100",403,units,0,v1230996292,1.286,99,,,,1
2017-03,Canada,2021A000011124,"Switchgear, switchboards, relays, and industrial control apparatus [38123]","Index, 202001=100",403,units,0,v1230996292,1.286,99,,,,1
2017-04,Canada,2021A000011124,"Switchgear, switchboards, relays, and industrial control apparatus [38123]","Index, 202001=100",403,units,0,v1230996292,1.286,99,,,,1
2017-05,Canada,2021A000011124,"Switchgear, switchboards, relays, and industrial control apparatus [38123]","Index, 202001=100",403,units,0,v1230996292,1.286,99,,,,1
2017-06,Canada,2021A000011124,"Switchgear, switchboards, relays, and industrial control apparatus [38123]","Index, 202001=100",403,units,0,v1230996292,1.286,99,,,,1
2017-07,Canada,2021A000011124,"Switchgear, switchboards, relays, and industrial control apparatus [38123]","Index, 202001=100",403,units,0,v1230996292,1.286,99,,,,1
2017-08,Canada,2021A000011124,"Switchgear, switchboards, relays, and industrial control apparatus [38123]","Index, 202001=100",403,units,0,v1230996292,1.286,99,,,,1
2017-09,Canada,2021A000011124,"Switchgear, switchboards, relays, and industrial control apparatus [38123]","Index, 202001=100",403,units,0,v1230996292,1.286,99,,,,1
2017-10,Canada,2021A000011124,"Switchgear, switchboards, relays, and industrial control apparatus [38123]","Index, 202001=100",403,units,0,v1230996292,1.286,99,,,,1
2017-11,Canada,2021A000011124,"Switchgear, switchboards, relays, and industrial control apparatus [38123]","Index, 202001=100",403,units,0,v1230996292,1.286,99,,,,1
2017-12,Canada,2021A000011124,"Switchgear, switchboards, relays, and industrial control apparatus [38123]","Index, 202001=100",403,units,0,v1230996292,1.286,99,,,,1
2018-01,Canada,2021A000011124,"Switchgear, switchboards, relays, and industrial control apparatus [38123]","Index, 202001=100",403,units,0,v1230996292,1.286,99,,,,1
2018-02,Canada,2021A000011124,"Switchgear, switchboards, relays, and industrial control apparatus [38123]","Index, 202001=100",403,units,0,v1230996292,1.286,99,,,,1
2018-03,Canada,2021A000011124,"Switchgear, switchboards, relays, and industrial control apparatus [38123]","Index, 202001=100",403,units,0,v1230996292,1.286,99,,,,1
2018-04,Canada,2021A000011124,"Switchgear, switchboards, relays, and industrial control apparatus [38123]","Index, 202001=100",403,units,0,v1230996292,1.286,99,E,,,1
2018-05,Canada,2021A000011124,"Switchgear, switchboards, relays, and industrial control apparatus [38123]","Index, 202001=100",403,units,0,v1230996292,1.286,99,E,,,1
2018-06,Canada,2021A000011124,"Switchgear, switchboards, relays, and industrial control apparatus [38123]","Index, 202001=100",403,units,0,v1230996292,1.286,99,E,,,1
2018-07,Canada,2021A000011124,"Switchgear, switchboards, relays, and industrial control apparatus [38123]","Index, 202001=100",403,units,0,v1230996292,1.286,99,E,,,1
2018-08,Canada,2021A000011124,"Switchgear, switchboards, relays, and industrial control apparatus [38123]","Index, 202001=100",403,units,0,v1230996292,1.286,99,E,,,1
2018-09,Canada,2021A000011124,"Switchgear, switchboards, relays, and industrial control apparatus [38123]","Index, 202001=100",403,units,0,v1230996292,1.286,99,E,,,1
2018-10,Canada,2021A000011124,"Switchgear, switchboards, relays, and industrial control apparatus [38123]","Index, 202001=100",403,units,0,v1230996292,1.286,99,E,,,1
2018-11,Canada,2021A000011124,"Switchgear, switchboards, relays, and industrial control apparatus [38123]","Index, 202001=100",403,units,0,v1230996292,1.286,99,E,,,1
2018-12,Canada,2021A000011124,"Switchgear, switchboards, relays, and industrial control apparatus [38123]","Index, 202001=100",403,units,0,v1230996292,1.286,99,E,,,1
2019-01,Canada,2021A000011124,"Switchgear, switchboards, relays, and industrial control apparatus [38123]","Index, 202001=100",403,units,0,v1230996292,1.286,99,E,,,1
2019-02,Canada,2021A000011124,"Switchgear, switchboards, relays, and industrial control apparatus [38123]","Index, 202001=100",403,units,0,v1230996292,1.286,99,E,,,1
2019-03,Canada,2021A000011124,"Switchgear, switchboards, relays, and industrial control apparatus [38123]","Index, 202001=100",403,units,0,v1230996292,1.286,99,E,,,1
2019-04,Canada,2021A000011124,"Switchgear, switchboards, relays, and industrial control apparatus [38123]","Index, 202001=100",403,units,0,v1230996292,1.286,99,E,,,1
2019-05,Canada,2021A000011124,"Switchgear, switchboards, relays, and industrial control apparatus [38123]","Index, 202001=100",403,units,0,v1230996292,1.286,99,E,,,1
2019-06,Canada,2021A000011124,"Switchgear, switchboards, relays, and industrial control apparatus [38123]","Index, 202001=100",403,units,0,v1230996292,1.286,99,E,,,1
2019-07,Canada,2021A000011124,"Switchgear, switchboards, relays, and industrial control apparatus [38123]","Index, 202001=100",403,units,0,v1230996292,1.286,99,E,,,1
2019-08,Canada,2021A000011124,"Switchgear, switchboards, relays, and industrial control apparatus [38123]","Index, 202001=100",403,units,0,v1230996292,1.286,99,E,,,1
2019-09,Canada,2021A000011124,"Switchgear, switchboards, relays, and industrial control apparatus [38123]","Index, 202001=100",403,units,0,v1230996292,1.286,99,E,,,1
2019-10,Canada,2021A000011124,"Switchgear, switchboards, relays, and industrial control apparatus [38123]","Index, 202001=100",403,units,0,v1230996292,1.286,99,E,,,1
2019-11,Canada,2021A000011124,"Switchgear, switchboards, relays, and industrial control apparatus [38123]","Index, 202001=100",403,units,0,v1230996292,1.286,99,E,,,1
2019-12,Canada,2021A000011124,"Switchgear, switchboards, relays, and industrial control apparatus [38123]","Index, 202001=100",403,units,0,v1230996292,1.286,99,E,,,1
2020-01,Canada,2021A000011124,"Switchgear, switchboards, relays, and industrial control apparatus [38123]","Index, 202001=100",403,units,0,v1230996292,1.286,100,E,,,1
2020-02,Canada,2021A000011124,"Switchgear, switchboards, relays, and industrial control apparatus [38123]","Index, 202001=100",403,units,0,v1230996292,1.286,99.5,E,,,1
2020-03,Canada,2021A000011124,"Switchgear, switchboards, relays, and industrial control apparatus [38123]","Index, 202001=100",403,units,0,v1230996292,1.286,99.5,E,,,1
2020-04,Canada,2021A000011124,"Switchgear, switchboards, relays, and industrial control apparatus [38123]","Index, 202001=100",403,units,0,v1230996292,1.286,99.2,E,,,1
2020-05,Canada,2021A000011124,"Switchgear, switchboards, relays, and industrial control apparatus [38123]","Index, 202001=100",403,units,0,v1230996292,1.286,99.1,E,,,1
2020-06,Canada,2021A000011124,"Switchgear, switchboards, relays, and industrial control apparatus [38123]","Index, 202001=100",403,units,0,v1230996292,1.286,98.3,E,,,1
2020-07,Canada,2021A000011124,"Switchgear, switchboards, relays, and industrial control apparatus [38123]","Index, 202001=100",403,units,0,v1230996292,1.286,99.9,E,,,1
2020-08,Canada,2021A000011124,"Switchgear, switchboards, relays, and industrial control apparatus [38123]","Index, 202001=100",403,units,0,v1230996292,1.286,100.5,E,,,1
2020-09,Canada,2021A000011124,"Switchgear, switchboards, relays, and industrial control apparatus [38123]","Index, 202001=100",403,units,0,v1230996292,1.286,101,E,,,1
2020-10,Canada,2021A000011124,"Switchgear, switchboards, relays, and industrial control apparatus [38123]","Index, 202001=100",403,units,0,v1230996292,1.286,101.2,E,,,1
2020-11,Canada,2021A000011124,"Switchgear, switchboards, relays, and industrial control apparatus [38123]","Index, 202001=100",403,units,0,v1230996292,1.286,101.8,E,,,1
2020-12,Canada,2021A000011124,"Switchgear, switchboards, relays, and industrial control apparatus [38123]","Index, 202001=100",403,units,0,v1230996292,1.286,105.8,E,,,1
2021-01,Canada,2021A000011124,"Switchgear, switchboards, relays, and industrial control apparatus [38123]","Index, 202001=100",403,units,0,v1230996292,1.286,106.1,E,,,1
2021-02,Canada,2021A000011124,"Switchgear, switchboards, relays, and industrial control apparatus [38123]","Index, 202001=100",403,units,0,v1230996292,1.286,106.9,E,,,1
2021-03,Canada,2021A000011124,"Switchgear, switchboards, relays, and industrial control apparatus [38123]","Index, 202001=100",403,units,0,v1230996292,1.286,109.9,E,,,1
2021-04,Canada,2021A000011124,"Switchgear, switchboards, relays, and industrial control apparatus [38123]","Index, 202001=100",403,units,0,v1230996292,1.286,113.4,E,,,1
2021-05,Canada,2021A000011124,"Switchgear, switchboards, relays, and industrial control apparatus [38123]","Index, 202001=100",403,units,0,v1230996292,1.286,116.9,E,,,1
2021-06,Canada,2021A000011124,"Switchgear, switchboards, relays, and industrial control apparatus [38123]","Index, 202001=100",403,units,0,v1230996292,1.286,123,E,,,1
2021-07,Canada,2021A000011124,"Switchgear, switchboards, relays, and industrial control apparatus [38123]","Index, 202001=100",403,units,0,v1230996292,1.286,122.8,E,,,1
2021-08,Canada,2021A000011124,"Switchgear, switchboards, relays, and industrial control apparatus [38123]","Index, 202001=100",403,units,0,v1230996292,1.286,122.8,E,,,1
2021-09,Canada,2021A000011124,"Switchgear, switchboards, relays, and industrial control apparatus [38123]","Index, 202001=100",403,units,0,v1230996292,1.286,122.8,E,,,1
2021-10,Canada,2021A000011124,"Switchgear, switchboards, relays, and industrial control apparatus [38123]","Index, 202001=100",403,units,0,v1230996292,1.286,136,E,,,1
2021-11,Canada,2021A000011124,"Switchgear, switchboards, relays, and industrial control apparatus [38123]","Index, 202001=100",403,units,0,v1230996292,1.286,136.1,E,,,1
2021-12,Canada,2021A000011124,"Switchgear, switchboards, relays, and industrial control apparatus [38123]","Index, 202001=100",403,units,0,v1230996292,1.286,136.5,E,,,1
2022-01,Canada,2021A000011124,"Switchgear, switchboards, relays, and industrial control apparatus [38123]","Index, 202001=100",403,units,0,v1230996292,1.286,137.4,E,,,1
2022-02,Canada,2021A000011124,"Switchgear, switchboards, relays, and industrial control apparatus [38123]","Index, 202001=100",403,units,0,v1230996292,1.286,146.3,E,,,1
2022-03,Canada,2021A000011124,"Switchgear, switchboards, relays, and industrial control apparatus [38123]","Index, 202001=100",403,units,0,v1230996292,1.286,147.6,E,,,1
2022-04,Canada,2021A000011124,"Switchgear, switchboards, relays, and industrial control apparatus [38123]","Index, 202001=100",403,units,0,v1230996292,1.286,152.4,E,,,1
2022-05,Canada,2021A000011124,"Switchgear, switchboards, relays, and industrial control apparatus [38123]","Index, 202001=100",403,units,0,v1230996292,1.286,149,E,,,1
2022-06,Canada,2021A000011124,"Switchgear, switchboards, relays, and industrial control apparatus [38123]","Index, 202001=100",403,units,0,v1230996292,1.286,143.8,E,,,1
2022-07,Canada,2021A000011124,"Switchgear, switchboards, relays, and industrial control apparatus [38123]","Index, 202001=100",403,units,0,v1230996292,1.286,146.3,E,,,1
2022-08,Canada,2021A000011124,"Switchgear, switchboards, relays, and industrial control apparatus [38123]","Index, 202001=100",403,units,0,v1230996292,1.286,146.9,E,,,1
2022-09,Canada,2021A000011124,"Switchgear, switchboards, relays, and industrial control apparatus [38123]","Index, 202001=100",403,units,0,v1230996292,1.286,147.1,E,,,1
2022-10,Canada,2021A000011124,"Switchgear, switchboards, relays, and industrial control apparatus [38123]","Index, 202001=100",403,units,0,v1230996292,1.286,146.3,E,,,1
2022-11,Canada,2021A000011124,"Switchgear, switchboards, relays, and industrial control apparatus [38123]","Index, 202001=100",403,units,0,v1230996292,1.286,144.3,E,,,1
2022-12,Canada,2021A000011124,"Switchgear, switchboards, relays, and industrial control apparatus [38123]","Index, 202001=100",403,units,0,v1230996292,1.286,143.8,E,,,1
2023-01,Canada,2021A000011124,"Switchgear, switchboards, relays, and industrial control apparatus [38123]","Index, 202001=100",403,units,0,v1230996292,1.286,144.8,E,,,1
2023-02,Canada,2021A000011124,"Switchgear, switchboards, relays, and industrial control apparatus [38123]","Index, 202001=100",403,units,0,v1230996292,1.286,145,E,,,1
2023-03,Canada,2021A000011124,"Switchgear, switchboards, relays, and industrial control apparatus [38123]","Index, 202001=100",403,units,0,v1230996292,1.286,141.3,E,,,1
2023-04,Canada,2021A000011124,"Switchgear, switchboards, relays, and industrial control apparatus [38123]","Index, 202001=100",403,units,0,v1230996292,1.286,150.2,E,,,1
2023-05,Canada,2021A000011124,"Switchgear, switchboards, relays, and industrial control apparatus [38123]","Index, 202001=100",403,units,0,v1230996292,1.286,150.2,E,,,1
2023-06,Canada,2021A000011124,"Switchgear, switchboards, relays, and industrial control apparatus [38123]","Index, 202001=100",403,units,0,v1230996292,1.286,139.1,E,,,1
2023-07,Canada,2021A000011124,"Switchgear, switchboards, relays, and industrial control apparatus [38123]","Index, 202001=100",403,units,0,v1230996292,1.286,146.3,E,,,1
2023-08,Canada,2021A000011124,"Switchgear, switchboards, relays, and industrial control apparatus [38123]","Index, 202001=100",403,units,0,v1230996292,1.286,145.5,E,,,1
2023-09,Canada,2021A000011124,"Switchgear, switchboards, relays, and industrial control apparatus [38123]","Index, 202001=100",403,units,0,v1230996292,1.286,144.8,E,,,1
2023-10,Canada,2021A000011124,"Switchgear, switchboards, relays, and industrial control apparatus [38123]","Index, 202001=100",403,units,0,v1230996292,1.286,139.6,E,,,1
2023-11,Canada,2021A000011124,"Switchgear, switchboards, relays, and industrial control apparatus [38123]","Index, 202001=100",403,units,0,v1230996292,1.286,139.9,E,,,1
2023-12,Canada,2021A000011124,"Switchgear, switchboards, relays, and industrial control apparatus [38123]","Index, 202001=100",403,units,0,v1230996292,1.286,139.6,E,,,1
2024-01,Canada,2021A000011124,"Switchgear, switchboards, relays, and industrial control apparatus [38123]","Index, 202001=100",403,units,0,v1230996292,1.286,147.1,E,,,1
2024-02,Canada,2021A000011124,"Switchgear, switchboards, relays, and industrial control apparatus [38123]","Index, 202001=100",403,units,0,v1230996292,1.286,147.3,E,,,1
2024-03,Canada,2021A000011124,"Switchgear, switchboards, relays, and industrial control apparatus [38123]","Index, 202001=100",403,units,0,v1230996292,1.286,148.3,E,,,1
2024-04,Canada,2021A000011124,"Switchgear, switchboards, relays, and industrial control apparatus [38123]","Index, 202001=100",403,units,0,v1230996292,1.286,153.1,E,,,1
2024-05,Canada,2021A000011124,"Switchgear, switchboards, relays, and industrial control apparatus [38123]","Index, 202001=100",403,units,0,v1230996292,1.286,158.3,E,,,1
2024-06,Canada,2021A000011124,"Switchgear, switchboards, relays, and industrial control apparatus [38123]","Index, 202001=100",403,units,0,v1230996292,1.286,157.9,E,,,1
2024-07,Canada,2021A000011124,"Switchgear, switchboards, relays, and industrial control apparatus [38123]","Index, 202001=100",403,units,0,v1230996292,1.286,155.8,E,,,1
2024-08,Canada,2021A000011124,"Switchgear, switchboards, relays, and industrial control apparatus [38123]","Index, 202001=100",403,units,0,v1230996292,1.286,154.7,E,,,1
2024-09,Canada,2021A000011124,"Switchgear, switchboards, relays, and industrial control apparatus [38123]","Index, 202001=100",403,units,0,v1230996292,1.286,154.8,E,,,1
2024-10,Canada,2021A000011124,"Switchgear, switchboards, relays, and industrial control apparatus [38123]","Index, 202001=100",403,units,0,v1230996292,1.286,158.7,E,,,1
2024-11,Canada,2021A000011124,"Switchgear, switchboards, relays, and industrial control apparatus [38123]","Index, 202001=100",403,units,0,v1230996292,1.286,159.8,E,,,1
2024-12,Canada,2021A000011124,"Switchgear, switchboards, relays, and industrial control apparatus [38123]","Index, 202001=100",403,units,0,v1230996292,1.286,158.8,E,,,1
2025-01,Canada,2021A000011124,"Switchgear, switchboards, relays, and industrial control apparatus [38123]","Index, 202001=100",403,units,0,v1230996292,1.286,161.2,E,,,1
2025-02,Canada,2021A000011124,"Switchgear, switchboards, relays, and industrial control apparatus [38123]","Index, 202001=100",403,units,0,v1230996292,1.286,163.3,E,,,1
2025-03,Canada,2021A000011124,"Switchgear, switchboards, relays, and industrial control apparatus [38123]","Index, 202001=100",403,units,0,v1230996292,1.286,164.8,E,,,1
2025-04,Canada,2021A000011124,"Switchgear, switchboards, relays, and industrial control apparatus [38123]","Index, 202001=100",403,units,0,v1230996292,1.286,166.2,E,,,1
2025-05,Canada,2021A000011124,"Switchgear, switchboards, relays, and industrial control apparatus [38123]","Index, 202001=100",403,units,0,v1230996292,1.286,166.1,E,,,1
2025-06,Canada,2021A000011124,"Switchgear, switchboards, relays, and industrial control apparatus [38123]","Index, 202001=100",403,units,0,v1230996292,1.286,162.5,E,,,1
2025-07,Canada,2021A000011124,"Switchgear, switchboards, relays, and industrial control apparatus [38123]","Index, 202001=100",403,units,0,v1230996292,1.286,167.1,E,,,1
2025-08,Canada,2021A000011124,"Switchgear, switchboards, relays, and industrial control apparatus [38123]","Index, 202001=100",403,units,0,v1230996292,1.286,160.7,E,,,1
2025-09,Canada,2021A000011124,"Switchgear, switchboards, relays, and industrial control apparatus [38123]","Index, 202001=100",403,units,0,v1230996292,1.286,161.7,E,,,1
2025-10,Canada,2021A000011124,"Switchgear, switchboards, relays, and industrial control apparatus [38123]","Index, 202001=100",403,units,0,v1230996292,1.286,166,E,,,1
2025-11,Canada,2021A000011124,"Switchgear, switchboards, relays, and industrial control apparatus [38123]","Index, 202001=100",403,units,0,v1230996292,1.286,167.3,E,,,1
2025-12,Canada,2021A000011124,"Switchgear, switchboards, relays, and industrial control apparatus [38123]","Index, 202001=100",403,units,0,v1230996292,1.286,169,E,,,1
2016-01,Canada,2021A000011124,Wiring devices [38124],"Index, 202001=100",403,units,0,v1230996293,1.287,91.6,,,,1
2016-02,Canada,2021A000011124,Wiring devices [38124],"Index, 202001=100",403,units,0,v1230996293,1.287,93.5,,,,1
2016-03,Canada,2021A000011124,Wiring devices [38124],"Index, 202001=100",403,units,0,v1230996293,1.287,95.4,,,,1
2016-04,Canada,2021A000011124,Wiring devices [38124],"Index, 202001=100",403,units,0,v1230996293,1.287,95,,,,1
2016-05,Canada,2021A000011124,Wiring devices [38124],"Index, 202001=100",403,units,0,v1230996293,1.287,95.1,,,,1
2016-06,Canada,2021A000011124,Wiring devices [38124],"Index, 202001=100",403,units,0,v1230996293,1.287,95.1,,,,1
2016-07,Canada,2021A000011124,Wiring devices [38124],"Index, 202001=100",403,units,0,v1230996293,1.287,95.2,,,,1
2016-08,Canada,2021A000011124,Wiring devices [38124],"Index, 202001=100",403,units,0,v1230996293,1.287,95.2,,,,1
2016-09,Canada,2021A000011124,Wiring devices [38124],"Index, 202001=100",403,units,0,v1230996293,1.287,95.3,,,,1
2016-10,Canada,2021A000011124,Wiring devices [38124],"Index, 202001=100",403,units,0,v1230996293,1.287,95.4,,,,1
2016-11,Canada,2021A000011124,Wiring devices [38124],"Index, 202001=100",403,units,0,v1230996293,1.287,95.6,,,,1
2016-12,Canada,2021A000011124,Wiring devices [38124],"Index, 202001=100",403,units,0,v1230996293,1.287,95.5,,,,1
2017-01,Canada,2021A000011124,Wiring devices [38124],"Index, 202001=100",403,units,0,v1230996293,1.287,96.2,,,,1
2017-02,Canada,2021A000011124,Wiring devices [38124],"Index, 202001=100",403,units,0,v1230996293,1.287,96.1,,,,1
2017-03,Canada,2021A000011124,Wiring devices [38124],"Index, 202001=100",403,units,0,v1230996293,1.287,96.6,,,,1
2017-04,Canada,2021A000011124,Wiring devices [38124],"Index, 202001=100",403,units,0,v1230996293,1.287,96.7,,,,1
2017-05,Canada,2021A000011124,Wiring devices [38124],"Index, 202001=100",403,units,0,v1230996293,1.287,96.8,,,,1
2017-06,Canada,2021A000011124,Wiring devices [38124],"Index, 202001=100",403,units,0,v1230996293,1.287,96.5,,,,1
2017-07,Canada,2021A000011124,Wiring devices [38124],"Index, 202001=100",403,units,0,v1230996293,1.287,96,,,,1
2017-08,Canada,2021A000011124,Wiring devices [38124],"Index, 202001=100",403,units,0,v1230996293,1.287,95.9,,,,1
2017-09,Canada,2021A000011124,Wiring devices [38124],"Index, 202001=100",403,units,0,v1230996293,1.287,95.6,,,,1
2017-10,Canada,2021A000011124,Wiring devices [38124],"Index, 202001=100",403,units,0,v1230996293,1.287,95.9,,,,1
2017-11,Canada,2021A000011124,Wiring devices [38124],"Index, 202001=100",403,units,0,v1230996293,1.287,96.1,,,,1
2017-12,Canada,2021A000011124,Wiring devices [38124],"Index, 202001=100",403,units,0,v1230996293,1.287,96.1,,,,1
2018-01,Canada,2021A000011124,Wiring devices [38124],"Index, 202001=100",403,units,0,v1230996293,1.287,95.7,,,,1
2018-02,Canada,2021A000011124,Wiring devices [38124],"Index, 202001=100",403,units,0,v1230996293,1.287,95.9,,,,1
2018-03,Canada,2021A000011124,Wiring devices [38124],"Index, 202001=100",403,units,0,v1230996293,1.287,98.1,,,,1
2018-04,Canada,2021A000011124,Wiring devices [38124],"Index, 202001=100",403,units,0,v1230996293,1.287,97,,,,1
2018-05,Canada,2021A000011124,Wiring devices [38124],"Index, 202001=100",403,units,0,v1230996293,1.287,97.1,,,,1
2018-06,Canada,2021A000011124,Wiring devices [38124],"Index, 202001=100",403,units,0,v1230996293,1.287,97.4,,,,1
2018-07,Canada,2021A000011124,Wiring devices [38124],"Index, 202001=100",403,units,0,v1230996293,1.287,97.3,,,,1
2018-08,Canada,2021A000011124,Wiring devices [38124],"Index, 202001=100",403,units,0,v1230996293,1.287,97.2,,,,1
2018-09,Canada,2021A000011124,Wiring devices [38124],"Index, 202001=100",403,units,0,v1230996293,1.287,97.2,,,,1
2018-10,Canada,2021A000011124,Wiring devices [38124],"Index, 202001=100",403,units,0,v1230996293,1.287,97.2,,,,1
2018-11,Canada,2021A000011124,Wiring devices [38124],"Index, 202001=100",403,units,0,v1230996293,1.287,97.4,,,,1
2018-12,Canada,2021A000011124,Wiring devices [38124],"Index, 202001=100",403,units,0,v1230996293,1.287,97.6,,,,1
2019-01,Canada,2021A000011124,Wiring devices [38124],"Index, 202001=100",403,units,0,v1230996293,1.287,100.7,,,,1
2019-02,Canada,2021A000011124,Wiring devices [38124],"Index, 202001=100",403,units,0,v1230996293,1.287,100.6,,,,1
2019-03,Canada,2021A000011124,Wiring devices [38124],"Index, 202001=100",403,units,0,v1230996293,1.287,100.7,,,,1
2019-04,Canada,2021A000011124,Wiring devices [38124],"Index, 202001=100",403,units,0,v1230996293,1.287,100.8,,,,1
2019-05,Canada,2021A000011124,Wiring devices [38124],"Index, 202001=100",403,units,0,v1230996293,1.287,100.8,,,,1
2019-06,Canada,2021A000011124,Wiring devices [38124],"Index, 202001=100",403,units,0,v1230996293,1.287,100.7,,,,1
2019-07,Canada,2021A000011124,Wiring devices [38124],"Index, 202001=100",403,units,0,v1230996293,1.287,100.1,,,,1
2019-08,Canada,2021A000011124,Wiring devices [38124],"Index, 202001=100",403,units,0,v1230996293,1.287,100.3,,,,1
2019-09,Canada,2021A000011124,Wiring devices [38124],"Index, 202001=100",403,units,0,v1230996293,1.287,100.2,,,,1
2019-10,Canada,2021A000011124,Wiring devices [38124],"Index, 202001=100",403,units,0,v1230996293,1.287,100.2,,,,1
2019-11,Canada,2021A000011124,Wiring devices [38124],"Index, 202001=100",403,units,0,v1230996293,1.287,100.2,,,,1
2019-12,Canada,2021A000011124,Wiring devices [38124],"Index, 202001=100",403,units,0,v1230996293,1.287,100.2,,,,1
2020-01,Canada,2021A000011124,Wiring devices [38124],"Index, 202001=100",403,units,0,v1230996293,1.287,100,,,,1
2020-02,Canada,2021A000011124,Wiring devices [38124],"Index, 202001=100",403,units,0,v1230996293,1.287,100.4,,,,1
2020-03,Canada,2021A000011124,Wiring devices [38124],"Index, 202001=100",403,units,0,v1230996293,1.287,101.8,,,,1
2020-04,Canada,2021A000011124,Wiring devices [38124],"Index, 202001=100",403,units,0,v1230996293,1.287,102.5,,,,1
2020-05,Canada,2021A000011124,Wiring devices [38124],"Index, 202001=100",403,units,0,v1230996293,1.287,102.3,,,,1
2020-06,Canada,2021A000011124,Wiring devices [38124],"Index, 202001=100",403,units,0,v1230996293,1.287,101.9,,,,1
2020-07,Canada,2021A000011124,Wiring devices [38124],"Index, 202001=100",403,units,0,v1230996293,1.287,101.8,,,,1
2020-08,Canada,2021A000011124,Wiring devices [38124],"Index, 202001=100",403,units,0,v1230996293,1.287,101.1,,,,1
2020-09,Canada,2021A000011124,Wiring devices [38124],"Index, 202001=100",403,units,0,v1230996293,1.287,101.2,,,,1
2020-10,Canada,2021A000011124,Wiring devices [38124],"Index, 202001=100",403,units,0,v1230996293,1.287,101.1,,,,1
2020-11,Canada,2021A000011124,Wiring devices [38124],"Index, 202001=100",403,units,0,v1230996293,1.287,100.8,,,,1
2020-12,Canada,2021A000011124,Wiring devices [38124],"Index, 202001=100",403,units,0,v1230996293,1.287,100.2,,,,1
2021-01,Canada,2021A000011124,Wiring devices [38124],"Index, 202001=100",403,units,0,v1230996293,1.287,100.1,,,,1
2021-02,Canada,2021A000011124,Wiring devices [38124],"Index, 202001=100",403,units,0,v1230996293,1.287,100,,,,1
2021-03,Canada,2021A000011124,Wiring devices [38124],"Index, 202001=100",403,units,0,v1230996293,1.287,99.7,,,,1
2021-04,Canada,2021A000011124,Wiring devices [38124],"Index, 202001=100",403,units,0,v1230996293,1.287,99.6,,,,1
2021-05,Canada,2021A000011124,Wiring devices [38124],"Index, 202001=100",403,units,0,v1230996293,1.287,102.3,,,,1
2021-06,Canada,2021A000011124,Wiring devices [38124],"Index, 202001=100",403,units,0,v1230996293,1.287,102.5,,,,1
2021-07,Canada,2021A000011124,Wiring devices [38124],"Index, 202001=100",403,units,0,v1230996293,1.287,104.8,,,,1
2021-08,Canada,2021A000011124,Wiring devices [38124],"Index, 202001=100",403,units,0,v1230996293,1.287,105,,,,1
2021-09,Canada,2021A000011124,Wiring devices [38124],"Index, 202001=100",403,units,0,v1230996293,1.287,105.1,,,,1
2021-10,Canada,2021A000011124,Wiring devices [38124],"Index, 202001=100",403,units,0,v1230996293,1.287,110.8,,,,1
2021-11,Canada,2021A000011124,Wiring devices [38124],"Index, 202001=100",403,units,0,v1230996293,1.287,111.1,,,,1
2021-12,Canada,2021A000011124,Wiring devices [38124],"Index, 202001=100",403,units,0,v1230996293,1.287,111.6,,,,1
2022-01,Canada,2021A000011124,Wiring devices [38124],"Index, 202001=100",403,units,0,v1230996293,1.287,112.9,,,,1
2022-02,Canada,2021A000011124,Wiring devices [38124],"Index, 202001=100",403,units,0,v1230996293,1.287,113.1,,,,1
2022-03,Canada,2021A000011124,Wiring devices [38124],"Index, 202001=100",403,units,0,v1230996293,1.287,113,,,,1
2022-04,Canada,2021A000011124,Wiring devices [38124],"Index, 202001=100",403,units,0,v1230996293,1.287,112.9,,,,1
2022-05,Canada,2021A000011124,Wiring devices [38124],"Index, 202001=100",403,units,0,v1230996293,1.287,113.3,,,,1
2022-06,Canada,2021A000011124,Wiring devices [38124],"Index, 202001=100",403,units,0,v1230996293,1.287,113.3,,,,1
2022-07,Canada,2021A000011124,Wiring devices [38124],"Index, 202001=100",403,units,0,v1230996293,1.287,113.5,,,,1
2022-08,Canada,2021A000011124,Wiring devices [38124],"Index, 202001=100",403,units,0,v1230996293,1.287,113.5,,,,1
2022-09,Canada,2021A000011124,Wiring devices [38124],"Index, 202001=100",403,units,0,v1230996293,1.287,114.4,,,,1
2022-10,Canada,2021A000011124,Wiring devices [38124],"Index, 202001=100",403,units,0,v1230996293,1.287,115.2,,,,1
2022-11,Canada,2021A000011124,Wiring devices [38124],"Index, 202001=100",403,units,0,v1230996293,1.287,115.5,,,,1
2022-12,Canada,2021A000011124,Wiring devices [38124],"Index, 202001=100",403,units,0,v1230996293,1.287,115.8,,,,1
2023-01,Canada,2021A000011124,Wiring devices [38124],"Index, 202001=100",403,units,0,v1230996293,1.287,115.5,,,,1
2023-02,Canada,2021A000011124,Wiring devices [38124],"Index, 202001=100",403,units,0,v1230996293,1.287,115.6,,,,1
2023-03,Canada,2021A000011124,Wiring devices [38124],"Index, 202001=100",403,units,0,v1230996293,1.287,116.1,,,,1
2023-04,Canada,2021A000011124,Wiring devices [38124],"Index, 202001=100",403,units,0,v1230996293,1.287,115.7,,,,1
2023-05,Canada,2021A000011124,Wiring devices [38124],"Index, 202001=100",403,units,0,v1230996293,1.287,115.7,,,,1
2023-06,Canada,2021A000011124,Wiring devices [38124],"Index, 202001=100",403,units,0,v1230996293,1.287,115.2,,,,1
2023-07,Canada,2021A000011124,Wiring devices [38124],"Index, 202001=100",403,units,0,v1230996293,1.287,115.1,,,,1
2023-08,Canada,2021A000011124,Wiring devices [38124],"Index, 202001=100",403,units,0,v1230996293,1.287,115.7,,,,1
2023-09,Canada,2021A000011124,Wiring devices [38124],"Index, 202001=100",403,units,0,v1230996293,1.287,115.8,,,,1
2023-10,Canada,2021A000011124,Wiring devices [38124],"Index, 202001=100",403,units,0,v1230996293,1.287,116.2,,,,1
2023-11,Canada,2021A000011124,Wiring devices [38124],"Index, 202001=100",403,units,0,v1230996293,1.287,116.2,,,,1
2023-12,Canada,2021A000011124,Wiring devices [38124],"Index, 202001=100",403,units,0,v1230996293,1.287,115.5,,,,1
2024-01,Canada,2021A000011124,Wiring devices [38124],"Index, 202001=100",403,units,0,v1230996293,1.287,119.8,,,,1
2024-02,Canada,2021A000011124,Wiring devices [38124],"Index, 202001=100",403,units,0,v1230996293,1.287,124.8,,,,1
2024-03,Canada,2021A000011124,Wiring devices [38124],"Index, 202001=100",403,units,0,v1230996293,1.287,124.9,,,,1
2024-04,Canada,2021A000011124,Wiring devices [38124],"Index, 202001=100",403,units,0,v1230996293,1.287,125.2,,,,1
2024-05,Canada,2021A000011124,Wiring devices [38124],"Index, 202001=100",403,units,0,v1230996293,1.287,125.2,,,,1
2024-06,Canada,2021A000011124,Wiring devices [38124],"Index, 202001=100",403,units,0,v1230996293,1.287,124.5,,,,1
2024-07,Canada,2021A000011124,Wiring devices [38124],"Index, 202001=100",403,units,0,v1230996293,1.287,124.6,,,,1
2024-08,Canada,2021A000011124,Wiring devices [38124],"Index, 202001=100",403,units,0,v1230996293,1.287,124.4,,,,1
2024-09,Canada,2021A000011124,Wiring devices [38124],"Index, 202001=100",403,units,0,v1230996293,1.287,124.2,,,,1
2024-10,Canada,2021A000011124,Wiring devices [38124],"Index, 202001=100",403,units,0,v1230996293,1.287,124.6,,,,1
2024-11,Canada,2021A000011124,Wiring devices [38124],"Index, 202001=100",403,units,0,v1230996293,1.287,125.1,,,,1
2024-12,Canada,2021A000011124,Wiring devices [38124],"Index, 202001=100",403,units,0,v1230996293,1.287,125.6,,,,1
2025-01,Canada,2021A000011124,Wiring devices [38124],"Index, 202001=100",403,units,0,v1230996293,1.287,125.9,,,,1
2025-02,Canada,2021A000011124,Wiring devices [38124],"Index, 202001=100",403,units,0,v1230996293,1.287,125.7,,,,1
2025-03,Canada,2021A000011124,Wiring devices [38124],"Index, 202001=100",403,units,0,v1230996293,1.287,126.3,,,,1
2025-04,Canada,2021A000011124,Wiring devices [38124],"Index, 202001=100",403,units,0,v1230996293,1.287,132.3,,,,1
2025-05,Canada,2021A000011124,Wiring devices [38124],"Index, 202001=100",403,units,0,v1230996293,1.287,132.1,,,,1
2025-06,Canada,2021A000011124,Wiring devices [38124],"Index, 202001=100",403,units,0,v1230996293,1.287,131.7,,,,1
2025-07,Canada,2021A000011124,Wiring devices [38124],"Index, 202001=100",403,units,0,v1230996293,1.287,131.7,,,,1
2025-08,Canada,2021A000011124,Wiring devices [38124],"Index, 202001=100",403,units,0,v1230996293,1.287,131.9,,,,1
2025-09,Canada,2021A000011124,Wiring devices [38124],"Index, 202001=100",403,units,0,v1230996293,1.287,132,,,,1
2025-10,Canada,2021A000011124,Wiring devices [38124],"Index, 202001=100",403,units,0,v1230996293,1.287,132.3,,,,1
2025-11,Canada,2021A000011124,Wiring devices [38124],"Index, 202001=100",403,units,0,v1230996293,1.287,132.4,,,,1
2025-12,Canada,2021A000011124,Wiring devices [38124],"Index, 202001=100",403,units,0,v1230996293,1.287,131.9,,,,1
2016-01,Canada,2021A000011124,Other electrical equipment and components [38125],"Index, 202001=100",403,units,0,v1230996294,1.288,106.7,,,,1
2016-02,Canada,2021A000011124,Other electrical equipment and components [38125],"Index, 202001=100",403,units,0,v1230996294,1.288,101.1,,,,1
2016-03,Canada,2021A000011124,Other electrical equipment and components [38125],"Index, 202001=100",403,units,0,v1230996294,1.288,101.1,,,,1
2016-04,Canada,2021A000011124,Other electrical equipment and components [38125],"Index, 202001=100",403,units,0,v1230996294,1.288,101.1,,,,1
2016-05,Canada,2021A000011124,Other electrical equipment and components [38125],"Index, 202001=100",403,units,0,v1230996294,1.288,101.1,,,,1
2016-06,Canada,2021A000011124,Other electrical equipment and components [38125],"Index, 202001=100",403,units,0,v1230996294,1.288,101.1,,,,1
2016-07,Canada,2021A000011124,Other electrical equipment and components [38125],"Index, 202001=100",403,units,0,v1230996294,1.288,101.1,,,,1
2016-08,Canada,2021A000011124,Other electrical equipment and components [38125],"Index, 202001=100",403,units,0,v1230996294,1.288,101.1,,,,1
2016-09,Canada,2021A000011124,Other electrical equipment and components [38125],"Index, 202001=100",403,units,0,v1230996294,1.288,101.1,,,,1
2016-10,Canada,2021A000011124,Other electrical equipment and components [38125],"Index, 202001=100",403,units,0,v1230996294,1.288,101.1,,,,1
2016-11,Canada,2021A000011124,Other electrical equipment and components [38125],"Index, 202001=100",403,units,0,v1230996294,1.288,101.1,,,,1
2016-12,Canada,2021A000011124,Other electrical equipment and components [38125],"Index, 202001=100",403,units,0,v1230996294,1.288,101.1,,,,1
2017-01,Canada,2021A000011124,Other electrical equipment and components [38125],"Index, 202001=100",403,units,0,v1230996294,1.288,101.1,,,,1
2017-02,Canada,2021A000011124,Other electrical equipment and components [38125],"Index, 202001=100",403,units,0,v1230996294,1.288,101.1,,,,1
2017-03,Canada,2021A000011124,Other electrical equipment and components [38125],"Index, 202001=100",403,units,0,v1230996294,1.288,101.1,,,,1
2017-04,Canada,2021A000011124,Other electrical equipment and components [38125],"Index, 202001=100",403,units,0,v1230996294,1.288,101.1,,,,1
2017-05,Canada,2021A000011124,Other electrical equipment and components [38125],"Index, 202001=100",403,units,0,v1230996294,1.288,101.1,,,,1
2017-06,Canada,2021A000011124,Other electrical equipment and components [38125],"Index, 202001=100",403,units,0,v1230996294,1.288,101.1,,,,1
2017-07,Canada,2021A000011124,Other electrical equipment and components [38125],"Index, 202001=100",403,units,0,v1230996294,1.288,96.5,,,,1
2017-08,Canada,2021A000011124,Other electrical equipment and components [38125],"Index, 202001=100",403,units,0,v1230996294,1.288,95.8,,,,1
2017-09,Canada,2021A000011124,Other electrical equipment and components [38125],"Index, 202001=100",403,units,0,v1230996294,1.288,93.4,,,,1
2017-10,Canada,2021A000011124,Other electrical equipment and components [38125],"Index, 202001=100",403,units,0,v1230996294,1.288,95.8,,,,1
2017-11,Canada,2021A000011124,Other electrical equipment and components [38125],"Index, 202001=100",403,units,0,v1230996294,1.288,97.1,,,,1
2017-12,Canada,2021A000011124,Other electrical equipment and components [38125],"Index, 202001=100",403,units,0,v1230996294,1.288,97.1,,,,1
2018-01,Canada,2021A000011124,Other electrical equipment and components [38125],"Index, 202001=100",403,units,0,v1230996294,1.288,94.5,,,,1
2018-02,Canada,2021A000011124,Other electrical equipment and components [38125],"Index, 202001=100",403,units,0,v1230996294,1.288,95.7,,,,1
2018-03,Canada,2021A000011124,Other electrical equipment and components [38125],"Index, 202001=100",403,units,0,v1230996294,1.288,98.3,,,,1
2018-04,Canada,2021A000011124,Other electrical equipment and components [38125],"Index, 202001=100",403,units,0,v1230996294,1.288,96.8,,,,1
2018-05,Canada,2021A000011124,Other electrical equipment and components [38125],"Index, 202001=100",403,units,0,v1230996294,1.288,97.9,,,,1
2018-06,Canada,2021A000011124,Other electrical equipment and components [38125],"Index, 202001=100",403,units,0,v1230996294,1.288,99.8,,,,1
2018-07,Canada,2021A000011124,Other electrical equipment and components [38125],"Index, 202001=100",403,units,0,v1230996294,1.288,99.8,,,,1
2018-08,Canada,2021A000011124,Other electrical equipment and components [38125],"Index, 202001=100",403,units,0,v1230996294,1.288,99.1,,,,1
2018-09,Canada,2021A000011124,Other electrical equipment and components [38125],"Index, 202001=100",403,units,0,v1230996294,1.288,99.1,,,,1
2018-10,Canada,2021A000011124,Other electrical equipment and components [38125],"Index, 202001=100",403,units,0,v1230996294,1.288,98.9,,,,1
2018-11,Canada,2021A000011124,Other electrical equipment and components [38125],"Index, 202001=100",403,units,0,v1230996294,1.288,100.3,,,,1
2018-12,Canada,2021A000011124,Other electrical equipment and components [38125],"Index, 202001=100",403,units,0,v1230996294,1.288,102.1,,,,1
2019-01,Canada,2021A000011124,Other electrical equipment and components [38125],"Index, 202001=100",403,units,0,v1230996294,1.288,101.1,,,,1
2019-02,Canada,2021A000011124,Other electrical equipment and components [38125],"Index, 202001=100",403,units,0,v1230996294,1.288,100.4,,,,1
2019-03,Canada,2021A000011124,Other electrical equipment and components [38125],"Index, 202001=100",403,units,0,v1230996294,1.288,101.6,,,,1
2019-04,Canada,2021A000011124,Other electrical equipment and components [38125],"Index, 202001=100",403,units,0,v1230996294,1.288,101.7,,,,1
2019-05,Canada,2021A000011124,Other electrical equipment and components [38125],"Index, 202001=100",403,units,0,v1230996294,1.288,102.3,,,,1
2019-06,Canada,2021A000011124,Other electrical equipment and components [38125],"Index, 202001=100",403,units,0,v1230996294,1.288,101,,,,1
2019-07,Canada,2021A000011124,Other electrical equipment and components [38125],"Index, 202001=100",403,units,0,v1230996294,1.288,99.6,,,,1
2019-08,Canada,2021A000011124,Other electrical equipment and components [38125],"Index, 202001=100",403,units,0,v1230996294,1.288,100.9,,,,1
2019-09,Canada,2021A000011124,Other electrical equipment and components [38125],"Index, 202001=100",403,units,0,v1230996294,1.288,100.7,,,,1
2019-10,Canada,2021A000011124,Other electrical equipment and components [38125],"Index, 202001=100",403,units,0,v1230996294,1.288,100.3,,,,1
2019-11,Canada,2021A000011124,Other electrical equipment and components [38125],"Index, 202001=100",403,units,0,v1230996294,1.288,100.6,,,,1
2019-12,Canada,2021A000011124,Other electrical equipment and components [38125],"Index, 202001=100",403,units,0,v1230996294,1.288,100.1,,,,1
2020-01,Canada,2021A000011124,Other electrical equipment and components [38125],"Index, 202001=100",403,units,0,v1230996294,1.288,100,,,,1
2020-02,Canada,2021A000011124,Other electrical equipment and components [38125],"Index, 202001=100",403,units,0,v1230996294,1.288,101.5,,,,1
2020-03,Canada,2021A000011124,Other electrical equipment and components [38125],"Index, 202001=100",403,units,0,v1230996294,1.288,104.5,,,,1
2020-04,Canada,2021A000011124,Other electrical equipment and components [38125],"Index, 202001=100",403,units,0,v1230996294,1.288,105.3,,,,1
2020-05,Canada,2021A000011124,Other electrical equipment and components [38125],"Index, 202001=100",403,units,0,v1230996294,1.288,104.6,,,,1
2020-06,Canada,2021A000011124,Other electrical equipment and components [38125],"Index, 202001=100",403,units,0,v1230996294,1.288,101.5,,,,1
2020-07,Canada,2021A000011124,Other electrical equipment and components [38125],"Index, 202001=100",403,units,0,v1230996294,1.288,101.3,,,,1
2020-08,Canada,2021A000011124,Other electrical equipment and components [38125],"Index, 202001=100",403,units,0,v1230996294,1.288,99.2,,,,1
2020-09,Canada,2021A000011124,Other electrical equipment and components [38125],"Index, 202001=100",403,units,0,v1230996294,1.288,99.2,,,,1
2020-10,Canada,2021A000011124,Other electrical equipment and components [38125],"Index, 202001=100",403,units,0,v1230996294,1.288,99.1,,,,1
2020-11,Canada,2021A000011124,Other electrical equipment and components [38125],"Index, 202001=100",403,units,0,v1230996294,1.288,98,,,,1
2020-12,Canada,2021A000011124,Other electrical equipment and components [38125],"Index, 202001=100",403,units,0,v1230996294,1.288,100.9,,,,1
2021-01,Canada,2021A000011124,Other electrical equipment and components [38125],"Index, 202001=100",403,units,0,v1230996294,1.288,100.2,,,,1
2021-02,Canada,2021A000011124,Other electrical equipment and components [38125],"Index, 202001=100",403,units,0,v1230996294,1.288,100,,,,1
2021-03,Canada,2021A000011124,Other electrical equipment and components [38125],"Index, 202001=100",403,units,0,v1230996294,1.288,99,,,,1
2021-04,Canada,2021A000011124,Other electrical equipment and components [38125],"Index, 202001=100",403,units,0,v1230996294,1.288,98.4,,,,1
2021-05,Canada,2021A000011124,Other electrical equipment and components [38125],"Index, 202001=100",403,units,0,v1230996294,1.288,95.5,,,,1
2021-06,Canada,2021A000011124,Other electrical equipment and components [38125],"Index, 202001=100",403,units,0,v1230996294,1.288,96.2,,,,1
2021-07,Canada,2021A000011124,Other electrical equipment and components [38125],"Index, 202001=100",403,units,0,v1230996294,1.288,96.2,,,,1
2021-08,Canada,2021A000011124,Other electrical equipment and components [38125],"Index, 202001=100",403,units,0,v1230996294,1.288,96.2,,,,1
2021-09,Canada,2021A000011124,Other electrical equipment and components [38125],"Index, 202001=100",403,units,0,v1230996294,1.288,96.2,,,,1
2021-10,Canada,2021A000011124,Other electrical equipment and components [38125],"Index, 202001=100",403,units,0,v1230996294,1.288,106.6,,,,1
2021-11,Canada,2021A000011124,Other electrical equipment and components [38125],"Index, 202001=100",403,units,0,v1230996294,1.288,106.6,,,,1
2021-12,Canada,2021A000011124,Other electrical equipment and components [38125],"Index, 202001=100",403,units,0,v1230996294,1.288,106.6,,,,1
2022-01,Canada,2021A000011124,Other electrical equipment and components [38125],"Index, 202001=100",403,units,0,v1230996294,1.288,106.6,,,,1
2022-02,Canada,2021A000011124,Other electrical equipment and components [38125],"Index, 202001=100",403,units,0,v1230996294,1.288,107.5,,,,1
2022-03,Canada,2021A000011124,Other electrical equipment and components [38125],"Index, 202001=100",403,units,0,v1230996294,1.288,107.5,,,,1
2022-04,Canada,2021A000011124,Other electrical equipment and components [38125],"Index, 202001=100",403,units,0,v1230996294,1.288,107.5,,,,1
2022-05,Canada,2021A000011124,Other electrical equipment and components [38125],"Index, 202001=100",403,units,0,v1230996294,1.288,107.5,,,,1
2022-06,Canada,2021A000011124,Other electrical equipment and components [38125],"Index, 202001=100",403,units,0,v1230996294,1.288,107.5,,,,1
2022-07,Canada,2021A000011124,Other electrical equipment and components [38125],"Index, 202001=100",403,units,0,v1230996294,1.288,110.7,,,,1
2022-08,Canada,2021A000011124,Other electrical equipment and components [38125],"Index, 202001=100",403,units,0,v1230996294,1.288,110.7,,,,1
2022-09,Canada,2021A000011124,Other electrical equipment and components [38125],"Index, 202001=100",403,units,0,v1230996294,1.288,110.8,,,,1
2022-10,Canada,2021A000011124,Other electrical equipment and components [38125],"Index, 202001=100",403,units,0,v1230996294,1.288,110.2,,,,1
2022-11,Canada,2021A000011124,Other electrical equipment and components [38125],"Index, 202001=100",403,units,0,v1230996294,1.288,108.7,,,,1
2022-12,Canada,2021A000011124,Other electrical equipment and components [38125],"Index, 202001=100",403,units,0,v1230996294,1.288,108.4,,,,1
2023-01,Canada,2021A000011124,Other electrical equipment and components [38125],"Index, 202001=100",403,units,0,v1230996294,1.288,108.4,,,,1
2023-02,Canada,2021A000011124,Other electrical equipment and components [38125],"Index, 202001=100",403,units,0,v1230996294,1.288,108.5,,,,1
2023-03,Canada,2021A000011124,Other electrical equipment and components [38125],"Index, 202001=100",403,units,0,v1230996294,1.288,87.2,,,,1
2023-04,Canada,2021A000011124,Other electrical equipment and components [38125],"Index, 202001=100",403,units,0,v1230996294,1.288,146.4,,,,1
2023-05,Canada,2021A000011124,Other electrical equipment and components [38125],"Index, 202001=100",403,units,0,v1230996294,1.288,146.4,,,,1
2023-06,Canada,2021A000011124,Other electrical equipment and components [38125],"Index, 202001=100",403,units,0,v1230996294,1.288,88.5,,,,1
2023-07,Canada,2021A000011124,Other electrical equipment and components [38125],"Index, 202001=100",403,units,0,v1230996294,1.288,138,,,,1
2023-08,Canada,2021A000011124,Other electrical equipment and components [38125],"Index, 202001=100",403,units,0,v1230996294,1.288,137.2,,,,1
2023-09,Canada,2021A000011124,Other electrical equipment and components [38125],"Index, 202001=100",403,units,0,v1230996294,1.288,136.5,,,,1
2023-10,Canada,2021A000011124,Other electrical equipment and components [38125],"Index, 202001=100",403,units,0,v1230996294,1.288,120.9,,,,1
2023-11,Canada,2021A000011124,Other electrical equipment and components [38125],"Index, 202001=100",403,units,0,v1230996294,1.288,121.2,,,,1
2023-12,Canada,2021A000011124,Other electrical equipment and components [38125],"Index, 202001=100",403,units,0,v1230996294,1.288,120.9,,,,1
2024-01,Canada,2021A000011124,Other electrical equipment and components [38125],"Index, 202001=100",403,units,0,v1230996294,1.288,135,,,,1
2024-02,Canada,2021A000011124,Other electrical equipment and components [38125],"Index, 202001=100",403,units,0,v1230996294,1.288,135,,,,1
2024-03,Canada,2021A000011124,Other electrical equipment and components [38125],"Index, 202001=100",403,units,0,v1230996294,1.288,135.9,,,,1
2024-04,Canada,2021A000011124,Other electrical equipment and components [38125],"Index, 202001=100",403,units,0,v1230996294,1.288,153.1,,,,1
2024-05,Canada,2021A000011124,Other electrical equipment and components [38125],"Index, 202001=100",403,units,0,v1230996294,1.288,165.1,,,,1
2024-06,Canada,2021A000011124,Other electrical equipment and components [38125],"Index, 202001=100",403,units,0,v1230996294,1.288,158.9,,,,1
2024-07,Canada,2021A000011124,Other electrical equipment and components [38125],"Index, 202001=100",403,units,0,v1230996294,1.288,158.9,,,,1
2024-08,Canada,2021A000011124,Other electrical equipment and components [38125],"Index, 202001=100",403,units,0,v1230996294,1.288,158.9,,,,1
2024-09,Canada,2021A000011124,Other electrical equipment and components [38125],"Index, 202001=100",403,units,0,v1230996294,1.288,158.9,,,,1
2024-10,Canada,2021A000011124,Other electrical equipment and components [38125],"Index, 202001=100",403,units,0,v1230996294,1.288,162.9,,,,1
2024-11,Canada,2021A000011124,Other electrical equipment and components [38125],"Index, 202001=100",403,units,0,v1230996294,1.288,163.6,,,,1
2024-12,Canada,2021A000011124,Other electrical equipment and components [38125],"Index, 202001=100",403,units,0,v1230996294,1.288,163.6,,,,1
2025-01,Canada,2021A000011124,Other electrical equipment and components [38125],"Index, 202001=100",403,units,0,v1230996294,1.288,175.2,,,,1
2025-02,Canada,2021A000011124,Other electrical equipment and components [38125],"Index, 202001=100",403,units,0,v1230996294,1.288,175.2,,,,1
2025-03,Canada,2021A000011124,Other electrical equipment and components [38125],"Index, 202001=100",403,units,0,v1230996294,1.288,175.2,,,,1
2025-04,Canada,2021A000011124,Other electrical equipment and components [38125],"Index, 202001=100",403,units,0,v1230996294,1.288,173.9,,,,1
2025-05,Canada,2021A000011124,Other electrical equipment and components [38125],"Index, 202001=100",403,units,0,v1230996294,1.288,177.3,,,,1
2025-06,Canada,2021A000011124,Other electrical equipment and components [38125],"Index, 202001=100",403,units,0,v1230996294,1.288,167.6,,,,1
2025-07,Canada,2021A000011124,Other electrical equipment and components [38125],"Index, 202001=100",403,units,0,v1230996294,1.288,167.6,,,,1
2025-08,Canada,2021A000011124,Other electrical equipment and components [38125],"Index, 202001=100",403,units,0,v1230996294,1.288,167.6,,,,1
2025-09,Canada,2021A000011124,Other electrical equipment and components [38125],"Index, 202001=100",403,units,0,v1230996294,1.288,167.6,,,,1
2025-10,Canada,2021A000011124,Other electrical equipment and components [38125],"Index, 202001=100",403,units,0,v1230996294,1.288,174.7,,,,1
2025-11,Canada,2021A000011124,Other electrical equipment and components [38125],"Index, 202001=100",403,units,0,v1230996294,1.288,174.7,,,,1
2025-12,Canada,2021A000011124,Other electrical equipment and components [38125],"Index, 202001=100",403,units,0,v1230996294,1.288,174.7,,,,1
2016-01,Canada,2021A000011124,Cold-rolled iron or steel products [31212],"Index, 202001=100",403,units,0,v1230996168,1.162,82.4,,,,1
2016-02,Canada,2021A000011124,Cold-rolled iron or steel products [31212],"Index, 202001=100",403,units,0,v1230996168,1.162,79.3,,,,1
2016-03,Canada,2021A000011124,Cold-rolled iron or steel products [31212],"Index, 202001=100",403,units,0,v1230996168,1.162,78,,,,1
2016-04,Canada,2021A000011124,Cold-rolled iron or steel products [31212],"Index, 202001=100",403,units,0,v1230996168,1.162,78.8,,,,1
2016-05,Canada,2021A000011124,Cold-rolled iron or steel products [31212],"Index, 202001=100",403,units,0,v1230996168,1.162,81.5,,,,1
2016-06,Canada,2021A000011124,Cold-rolled iron or steel products [31212],"Index, 202001=100",403,units,0,v1230996168,1.162,83.6,,,,1
2016-07,Canada,2021A000011124,Cold-rolled iron or steel products [31212],"Index, 202001=100",403,units,0,v1230996168,1.162,86.2,,,,1
2016-08,Canada,2021A000011124,Cold-rolled iron or steel products [31212],"Index, 202001=100",403,units,0,v1230996168,1.162,89.5,,,,1
2016-09,Canada,2021A000011124,Cold-rolled iron or steel products [31212],"Index, 202001=100",403,units,0,v1230996168,1.162,89.9,,,,1
2016-10,Canada,2021A000011124,Cold-rolled iron or steel products [31212],"Index, 202001=100",403,units,0,v1230996168,1.162,90.3,,,,1
2016-11,Canada,2021A000011124,Cold-rolled iron or steel products [31212],"Index, 202001=100",403,units,0,v1230996168,1.162,91.2,,,,1
2016-12,Canada,2021A000011124,Cold-rolled iron or steel products [31212],"Index, 202001=100",403,units,0,v1230996168,1.162,89.5,,,,1
2017-01,Canada,2021A000011124,Cold-rolled iron or steel products [31212],"Index, 202001=100",403,units,0,v1230996168,1.162,90.4,,,,1
2017-02,Canada,2021A000011124,Cold-rolled iron or steel products [31212],"Index, 202001=100",403,units,0,v1230996168,1.162,94,,,,1
2017-03,Canada,2021A000011124,Cold-rolled iron or steel products [31212],"Index, 202001=100",403,units,0,v1230996168,1.162,96.6,,,,1
2017-04,Canada,2021A000011124,Cold-rolled iron or steel products [31212],"Index, 202001=100",403,units,0,v1230996168,1.162,97.9,,,,1
2017-05,Canada,2021A000011124,Cold-rolled iron or steel products [31212],"Index, 202001=100",403,units,0,v1230996168,1.162,100.5,,,,1
2017-06,Canada,2021A000011124,Cold-rolled iron or steel products [31212],"Index, 202001=100",403,units,0,v1230996168,1.162,99.1,,,,1
2017-07,Canada,2021A000011124,Cold-rolled iron or steel products [31212],"Index, 202001=100",403,units,0,v1230996168,1.162,96.8,,,,1
2017-08,Canada,2021A000011124,Cold-rolled iron or steel products [31212],"Index, 202001=100",403,units,0,v1230996168,1.162,91.7,,,,1
2017-09,Canada,2021A000011124,Cold-rolled iron or steel products [31212],"Index, 202001=100",403,units,0,v1230996168,1.162,89.5,,,,1
2017-10,Canada,2021A000011124,Cold-rolled iron or steel products [31212],"Index, 202001=100",403,units,0,v1230996168,1.162,92.8,,,,1
2017-11,Canada,2021A000011124,Cold-rolled iron or steel products [31212],"Index, 202001=100",403,units,0,v1230996168,1.162,92.7,,,,1
2017-12,Canada,2021A000011124,Cold-rolled iron or steel products [31212],"Index, 202001=100",403,units,0,v1230996168,1.162,93.2,,,,1
2018-01,Canada,2021A000011124,Cold-rolled iron or steel products [31212],"Index, 202001=100",403,units,0,v1230996168,1.162,89.5,,,,1
2018-02,Canada,2021A000011124,Cold-rolled iron or steel products [31212],"Index, 202001=100",403,units,0,v1230996168,1.162,94.4,,,,1
2018-03,Canada,2021A000011124,Cold-rolled iron or steel products [31212],"Index, 202001=100",403,units,0,v1230996168,1.162,98,,,,1
2018-04,Canada,2021A000011124,Cold-rolled iron or steel products [31212],"Index, 202001=100",403,units,0,v1230996168,1.162,99.4,,,,1
2018-05,Canada,2021A000011124,Cold-rolled iron or steel products [31212],"Index, 202001=100",403,units,0,v1230996168,1.162,103.9,,,,1
2018-06,Canada,2021A000011124,Cold-rolled iron or steel products [31212],"Index, 202001=100",403,units,0,v1230996168,1.162,108.1,,,,1
2018-07,Canada,2021A000011124,Cold-rolled iron or steel products [31212],"Index, 202001=100",403,units,0,v1230996168,1.162,108.9,,,,1
2018-08,Canada,2021A000011124,Cold-rolled iron or steel products [31212],"Index, 202001=100",403,units,0,v1230996168,1.162,109.9,,,,1
2018-09,Canada,2021A000011124,Cold-rolled iron or steel products [31212],"Index, 202001=100",403,units,0,v1230996168,1.162,109.9,,,,1
2018-10,Canada,2021A000011124,Cold-rolled iron or steel products [31212],"Index, 202001=100",403,units,0,v1230996168,1.162,108.6,,,,1
2018-11,Canada,2021A000011124,Cold-rolled iron or steel products [31212],"Index, 202001=100",403,units,0,v1230996168,1.162,108.1,,,,1
2018-12,Canada,2021A000011124,Cold-rolled iron or steel products [31212],"Index, 202001=100",403,units,0,v1230996168,1.162,110.2,,,,1
2019-01,Canada,2021A000011124,Cold-rolled iron or steel products [31212],"Index, 202001=100",403,units,0,v1230996168,1.162,109.2,,,,1
2019-02,Canada,2021A000011124,Cold-rolled iron or steel products [31212],"Index, 202001=100",403,units,0,v1230996168,1.162,105.2,,,,1
2019-03,Canada,2021A000011124,Cold-rolled iron or steel products [31212],"Index, 202001=100",403,units,0,v1230996168,1.162,105.8,,,,1
2019-04,Canada,2021A000011124,Cold-rolled iron or steel products [31212],"Index, 202001=100",403,units,0,v1230996168,1.162,105.9,,,,1
2019-05,Canada,2021A000011124,Cold-rolled iron or steel products [31212],"Index, 202001=100",403,units,0,v1230996168,1.162,105.4,,,,1
2019-06,Canada,2021A000011124,Cold-rolled iron or steel products [31212],"Index, 202001=100",403,units,0,v1230996168,1.162,101.4,,,,1
2019-07,Canada,2021A000011124,Cold-rolled iron or steel products [31212],"Index, 202001=100",403,units,0,v1230996168,1.162,99.2,,,,1
2019-08,Canada,2021A000011124,Cold-rolled iron or steel products [31212],"Index, 202001=100",403,units,0,v1230996168,1.162,99.6,,,,1
2019-09,Canada,2021A000011124,Cold-rolled iron or steel products [31212],"Index, 202001=100",403,units,0,v1230996168,1.162,97.8,,,,1
2019-10,Canada,2021A000011124,Cold-rolled iron or steel products [31212],"Index, 202001=100",403,units,0,v1230996168,1.162,96.6,,,,1
2019-11,Canada,2021A000011124,Cold-rolled iron or steel products [31212],"Index, 202001=100",403,units,0,v1230996168,1.162,95.9,,,,1
2019-12,Canada,2021A000011124,Cold-rolled iron or steel products [31212],"Index, 202001=100",403,units,0,v1230996168,1.162,96.4,,,,1
2020-01,Canada,2021A000011124,Cold-rolled iron or steel products [31212],"Index, 202001=100",403,units,0,v1230996168,1.162,100,,,,1
2020-02,Canada,2021A000011124,Cold-rolled iron or steel products [31212],"Index, 202001=100",403,units,0,v1230996168,1.162,103,,,,1
2020-03,Canada,2021A000011124,Cold-rolled iron or steel products [31212],"Index, 202001=100",403,units,0,v1230996168,1.162,106.9,,,,1
2020-04,Canada,2021A000011124,Cold-rolled iron or steel products [31212],"Index, 202001=100",403,units,0,v1230996168,1.162,107.3,,,,1
2020-05,Canada,2021A000011124,Cold-rolled iron or steel products [31212],"Index, 202001=100",403,units,0,v1230996168,1.162,104.5,,,,1
2020-06,Canada,2021A000011124,Cold-rolled iron or steel products [31212],"Index, 202001=100",403,units,0,v1230996168,1.162,101.9,,,,1
2020-07,Canada,2021A000011124,Cold-rolled iron or steel products [31212],"Index, 202001=100",403,units,0,v1230996168,1.162,101.6,,,,1
2020-08,Canada,2021A000011124,Cold-rolled iron or steel products [31212],"Index, 202001=100",403,units,0,v1230996168,1.162,96.2,,,,1
2020-09,Canada,2021A000011124,Cold-rolled iron or steel products [31212],"Index, 202001=100",403,units,0,v1230996168,1.162,96.2,,,,1
2020-10,Canada,2021A000011124,Cold-rolled iron or steel products [31212],"Index, 202001=100",403,units,0,v1230996168,1.162,96.9,,,,1
2020-11,Canada,2021A000011124,Cold-rolled iron or steel products [31212],"Index, 202001=100",403,units,0,v1230996168,1.162,96.6,,,,1
2020-12,Canada,2021A000011124,Cold-rolled iron or steel products [31212],"Index, 202001=100",403,units,0,v1230996168,1.162,96.3,,,,1
2021-01,Canada,2021A000011124,Cold-rolled iron or steel products [31212],"Index, 202001=100",403,units,0,v1230996168,1.162,97.8,,,,1
2021-02,Canada,2021A000011124,Cold-rolled iron or steel products [31212],"Index, 202001=100",403,units,0,v1230996168,1.162,98.9,,,,1
2021-03,Canada,2021A000011124,Cold-rolled iron or steel products [31212],"Index, 202001=100",403,units,0,v1230996168,1.162,99.2,,,,1
2021-04,Canada,2021A000011124,Cold-rolled iron or steel products [31212],"Index, 202001=100",403,units,0,v1230996168,1.162,100.2,,,,1
2021-05,Canada,2021A000011124,Cold-rolled iron or steel products [31212],"Index, 202001=100",403,units,0,v1230996168,1.162,104.2,,,,1
2021-06,Canada,2021A000011124,Cold-rolled iron or steel products [31212],"Index, 202001=100",403,units,0,v1230996168,1.162,105.3,,,,1
2021-07,Canada,2021A000011124,Cold-rolled iron or steel products [31212],"Index, 202001=100",403,units,0,v1230996168,1.162,110.1,,,,1
2021-08,Canada,2021A000011124,Cold-rolled iron or steel products [31212],"Index, 202001=100",403,units,0,v1230996168,1.162,113,,,,1
2021-09,Canada,2021A000011124,Cold-rolled iron or steel products [31212],"Index, 202001=100",403,units,0,v1230996168,1.162,113.8,,,,1
2021-10,Canada,2021A000011124,Cold-rolled iron or steel products [31212],"Index, 202001=100",403,units,0,v1230996168,1.162,112.8,,,,1
2021-11,Canada,2021A000011124,Cold-rolled iron or steel products [31212],"Index, 202001=100",403,units,0,v1230996168,1.162,113.9,,,,1
2021-12,Canada,2021A000011124,Cold-rolled iron or steel products [31212],"Index, 202001=100",403,units,0,v1230996168,1.162,122.4,,,,1
2022-01,Canada,2021A000011124,Cold-rolled iron or steel products [31212],"Index, 202001=100",403,units,0,v1230996168,1.162,123.4,,,,1
2022-02,Canada,2021A000011124,Cold-rolled iron or steel products [31212],"Index, 202001=100",403,units,0,v1230996168,1.162,123.2,,,,1
2022-03,Canada,2021A000011124,Cold-rolled iron or steel products [31212],"Index, 202001=100",403,units,0,v1230996168,1.162,122.7,,,,1
2022-04,Canada,2021A000011124,Cold-rolled iron or steel products [31212],"Index, 202001=100",403,units,0,v1230996168,1.162,132.1,,,,1
2022-05,Canada,2021A000011124,Cold-rolled iron or steel products [31212],"Index, 202001=100",403,units,0,v1230996168,1.162,140.6,,,,1
2022-06,Canada,2021A000011124,Cold-rolled iron or steel products [31212],"Index, 202001=100",403,units,0,v1230996168,1.162,142.1,,,,1
2022-07,Canada,2021A000011124,Cold-rolled iron or steel products [31212],"Index, 202001=100",403,units,0,v1230996168,1.162,141.3,,,,1
2022-08,Canada,2021A000011124,Cold-rolled iron or steel products [31212],"Index, 202001=100",403,units,0,v1230996168,1.162,139.9,,,,1
2022-09,Canada,2021A000011124,Cold-rolled iron or steel products [31212],"Index, 202001=100",403,units,0,v1230996168,1.162,143.5,,,,1
2022-10,Canada,2021A000011124,Cold-rolled iron or steel products [31212],"Index, 202001=100",403,units,0,v1230996168,1.162,146.6,,,,1
2022-11,Canada,2021A000011124,Cold-rolled iron or steel products [31212],"Index, 202001=100",403,units,0,v1230996168,1.162,141.4,,,,1
2022-12,Canada,2021A000011124,Cold-rolled iron or steel products [31212],"Index, 202001=100",403,units,0,v1230996168,1.162,142.2,,,,1
2023-01,Canada,2021A000011124,Cold-rolled iron or steel products [31212],"Index, 202001=100",403,units,0,v1230996168,1.162,139.6,,,,1
2023-02,Canada,2021A000011124,Cold-rolled iron or steel products [31212],"Index, 202001=100",403,units,0,v1230996168,1.162,140.2,,,,1
2023-03,Canada,2021A000011124,Cold-rolled iron or steel products [31212],"Index, 202001=100",403,units,0,v1230996168,1.162,141.5,,,,1
2023-04,Canada,2021A000011124,Cold-rolled iron or steel products [31212],"Index, 202001=100",403,units,0,v1230996168,1.162,140.4,,,,1
2023-05,Canada,2021A000011124,Cold-rolled iron or steel products [31212],"Index, 202001=100",403,units,0,v1230996168,1.162,140.7,,,,1
2023-06,Canada,2021A000011124,Cold-rolled iron or steel products [31212],"Index, 202001=100",403,units,0,v1230996168,1.162,140.6,,,,1
2023-07,Canada,2021A000011124,Cold-rolled iron or steel products [31212],"Index, 202001=100",403,units,0,v1230996168,1.162,137.9,,,,1
2023-08,Canada,2021A000011124,Cold-rolled iron or steel products [31212],"Index, 202001=100",403,units,0,v1230996168,1.162,141.3,,,,1
2023-09,Canada,2021A000011124,Cold-rolled iron or steel products [31212],"Index, 202001=100",403,units,0,v1230996168,1.162,143,,,,1
2023-10,Canada,2021A000011124,Cold-rolled iron or steel products [31212],"Index, 202001=100",403,units,0,v1230996168,1.162,144.1,,,,1
2023-11,Canada,2021A000011124,Cold-rolled iron or steel products [31212],"Index, 202001=100",403,units,0,v1230996168,1.162,136.5,,,,1
2023-12,Canada,2021A000011124,Cold-rolled iron or steel products [31212],"Index, 202001=100",403,units,0,v1230996168,1.162,136.9,,,,1
2024-01,Canada,2021A000011124,Cold-rolled iron or steel products [31212],"Index, 202001=100",403,units,0,v1230996168,1.162,136.7,,,,1
2024-02,Canada,2021A000011124,Cold-rolled iron or steel products [31212],"Index, 202001=100",403,units,0,v1230996168,1.162,138,,,,1
2024-03,Canada,2021A000011124,Cold-rolled iron or steel products [31212],"Index, 202001=100",403,units,0,v1230996168,1.162,137.5,,,,1
2024-04,Canada,2021A000011124,Cold-rolled iron or steel products [31212],"Index, 202001=100",403,units,0,v1230996168,1.162,139.3,,,,1
2024-05,Canada,2021A000011124,Cold-rolled iron or steel products [31212],"Index, 202001=100",403,units,0,v1230996168,1.162,140.5,,,,1
2024-06,Canada,2021A000011124,Cold-rolled iron or steel products [31212],"Index, 202001=100",403,units,0,v1230996168,1.162,138.7,,,,1
2024-07,Canada,2021A000011124,Cold-rolled iron or steel products [31212],"Index, 202001=100",403,units,0,v1230996168,1.162,138.3,,,,1
2024-08,Canada,2021A000011124,Cold-rolled iron or steel products [31212],"Index, 202001=100",403,units,0,v1230996168,1.162,137.5,,,,1
2024-09,Canada,2021A000011124,Cold-rolled iron or steel products [31212],"Index, 202001=100",403,units,0,v1230996168,1.162,136.5,,,,1
2024-10,Canada,2021A000011124,Cold-rolled iron or steel products [31212],"Index, 202001=100",403,units,0,v1230996168,1.162,137.7,,,,1
2024-11,Canada,2021A000011124,Cold-rolled iron or steel products [31212],"Index, 202001=100",403,units,0,v1230996168,1.162,140.3,,,,1
2024-12,Canada,2021A000011124,Cold-rolled iron or steel products [31212],"Index, 202001=100",403,units,0,v1230996168,1.162,142.4,,,,1
2025-01,Canada,2021A000011124,Cold-rolled iron or steel products [31212],"Index, 202001=100",403,units,0,v1230996168,1.162,143.6,,,,1
2025-02,Canada,2021A000011124,Cold-rolled iron or steel products [31212],"Index, 202001=100",403,units,0,v1230996168,1.162,143.2,,,,1
2025-03,Canada,2021A000011124,Cold-rolled iron or steel products [31212],"Index, 202001=100",403,units,0,v1230996168,1.162,144,,,,1
2025-04,Canada,2021A000011124,Cold-rolled iron or steel products [31212],"Index, 202001=100",403,units,0,v1230996168,1.162,141.4,,,,1
2025-05,Canada,2021A000011124,Cold-rolled iron or steel products [31212],"Index, 202001=100",403,units,0,v1230996168,1.162,140.1,,,,1
2025-06,Canada,2021A000011124,Cold-rolled iron or steel products [31212],"Index, 202001=100",403,units,0,v1230996168,1.162,138.5,,,,1
2025-07,Canada,2021A000011124,Cold-rolled iron or steel products [31212],"Index, 202001=100",403,units,0,v1230996168,1.162,133.7,,,,1
2025-08,Canada,2021A000011124,Cold-rolled iron or steel products [31212],"Index, 202001=100",403,units,0,v1230996168,1.162,134.5,,,,1
2025-09,Canada,2021A000011124,Cold-rolled iron or steel products [31212],"Index, 202001=100",403,units,0,v1230996168,1.162,134.7,,,,1
2025-10,Canada,2021A000011124,Cold-rolled iron or steel products [31212],"Index, 202001=100",403,units,0,v1230996168,1.162,136,,,,1
2025-11,Canada,2021A000011124,Cold-rolled iron or steel products [31212],"Index, 202001=100",403,units,0,v1230996168,1.162,136.7,,,,1
2025-12,Canada,2021A000011124,Cold-rolled iron or steel products [31212],"Index, 202001=100",403,units,0,v1230996168,1.162,134.7,,,,1
2016-01,Canada,2021A000011124,Primary non-ferrous metal products [P62],"Index, 202001=100",403,units,0,v1230996171,1.165,88,,,,1
2016-02,Canada,2021A000011124,Primary non-ferrous metal products [P62],"Index, 202001=100",403,units,0,v1230996171,1.165,89.1,,,,1
2016-03,Canada,2021A000011124,Primary non-ferrous metal products [P62],"Index, 202001=100",403,units,0,v1230996171,1.165,88.3,,,,1
2016-04,Canada,2021A000011124,Primary non-ferrous metal products [P62],"Index, 202001=100",403,units,0,v1230996171,1.165,86.4,,,,1
2016-05,Canada,2021A000011124,Primary non-ferrous metal products [P62],"Index, 202001=100",403,units,0,v1230996171,1.165,87.8,,,,1
2016-06,Canada,2021A000011124,Primary non-ferrous metal products [P62],"Index, 202001=100",403,units,0,v1230996171,1.165,88.2,,,,1
2016-07,Canada,2021A000011124,Primary non-ferrous metal products [P62],"Index, 202001=100",403,units,0,v1230996171,1.165,93.5,,,,1
2016-08,Canada,2021A000011124,Primary non-ferrous metal products [P62],"Index, 202001=100",403,units,0,v1230996171,1.165,93.5,,,,1
2016-09,Canada,2021A000011124,Primary non-ferrous metal products [P62],"Index, 202001=100",403,units,0,v1230996171,1.165,93.7,,,,1
2016-10,Canada,2021A000011124,Primary non-ferrous metal products [P62],"Index, 202001=100",403,units,0,v1230996171,1.165,92.4,,,,1
2016-11,Canada,2021A000011124,Primary non-ferrous metal products [P62],"Index, 202001=100",403,units,0,v1230996171,1.165,95.2,,,,1
2016-12,Canada,2021A000011124,Primary non-ferrous metal products [P62],"Index, 202001=100",403,units,0,v1230996171,1.165,93.9,,,,1
2017-01,Canada,2021A000011124,Primary non-ferrous metal products [P62],"Index, 202001=100",403,units,0,v1230996171,1.165,94.8,,,,1
2017-02,Canada,2021A000011124,Primary non-ferrous metal products [P62],"Index, 202001=100",403,units,0,v1230996171,1.165,96.6,,,,1
2017-03,Canada,2021A000011124,Primary non-ferrous metal products [P62],"Index, 202001=100",403,units,0,v1230996171,1.165,98.6,,,,1
2017-04,Canada,2021A000011124,Primary non-ferrous metal products [P62],"Index, 202001=100",403,units,0,v1230996171,1.165,99.8,,,,1
2017-05,Canada,2021A000011124,Primary non-ferrous metal products [P62],"Index, 202001=100",403,units,0,v1230996171,1.165,99.1,,,,1
2017-06,Canada,2021A000011124,Primary non-ferrous metal products [P62],"Index, 202001=100",403,units,0,v1230996171,1.165,97,,,,1
2017-07,Canada,2021A000011124,Primary non-ferrous metal products [P62],"Index, 202001=100",403,units,0,v1230996171,1.165,93.4,,,,1
2017-08,Canada,2021A000011124,Primary non-ferrous metal products [P62],"Index, 202001=100",403,units,0,v1230996171,1.165,96.4,,,,1
2017-09,Canada,2021A000011124,Primary non-ferrous metal products [P62],"Index, 202001=100",403,units,0,v1230996171,1.165,96.1,,,,1
2017-10,Canada,2021A000011124,Primary non-ferrous metal products [P62],"Index, 202001=100",403,units,0,v1230996171,1.165,98.8,,,,1
2017-11,Canada,2021A000011124,Primary non-ferrous metal products [P62],"Index, 202001=100",403,units,0,v1230996171,1.165,99.9,,,,1
2017-12,Canada,2021A000011124,Primary non-ferrous metal products [P62],"Index, 202001=100",403,units,0,v1230996171,1.165,99.2,,,,1
2018-01,Canada,2021A000011124,Primary non-ferrous metal products [P62],"Index, 202001=100",403,units,0,v1230996171,1.165,101.1,,,,1
2018-02,Canada,2021A000011124,Primary non-ferrous metal products [P62],"Index, 202001=100",403,units,0,v1230996171,1.165,102,,,,1
2018-03,Canada,2021A000011124,Primary non-ferrous metal products [P62],"Index, 202001=100",403,units,0,v1230996171,1.165,102.7,,,,1
2018-04,Canada,2021A000011124,Primary non-ferrous metal products [P62],"Index, 202001=100",403,units,0,v1230996171,1.165,102.4,,,,1
2018-05,Canada,2021A000011124,Primary non-ferrous metal products [P62],"Index, 202001=100",403,units,0,v1230996171,1.165,102.6,,,,1
2018-06,Canada,2021A000011124,Primary non-ferrous metal products [P62],"Index, 202001=100",403,units,0,v1230996171,1.165,104.3,,,,1
2018-07,Canada,2021A000011124,Primary non-ferrous metal products [P62],"Index, 202001=100",403,units,0,v1230996171,1.165,99.2,,,,1
2018-08,Canada,2021A000011124,Primary non-ferrous metal products [P62],"Index, 202001=100",403,units,0,v1230996171,1.165,95.1,,,,1
2018-09,Canada,2021A000011124,Primary non-ferrous metal products [P62],"Index, 202001=100",403,units,0,v1230996171,1.165,93.5,,,,1
2018-10,Canada,2021A000011124,Primary non-ferrous metal products [P62],"Index, 202001=100",403,units,0,v1230996171,1.165,94.4,,,,1
2018-11,Canada,2021A000011124,Primary non-ferrous metal products [P62],"Index, 202001=100",403,units,0,v1230996171,1.165,95.3,,,,1
2018-12,Canada,2021A000011124,Primary non-ferrous metal products [P62],"Index, 202001=100",403,units,0,v1230996171,1.165,96.6,,,,1
2019-01,Canada,2021A000011124,Primary non-ferrous metal products [P62],"Index, 202001=100",403,units,0,v1230996171,1.165,95.6,,,,1
2019-02,Canada,2021A000011124,Primary non-ferrous metal products [P62],"Index, 202001=100",403,units,0,v1230996171,1.165,96.8,,,,1
2019-03,Canada,2021A000011124,Primary non-ferrous metal products [P62],"Index, 202001=100",403,units,0,v1230996171,1.165,97.7,,,,1
2019-04,Canada,2021A000011124,Primary non-ferrous metal products [P62],"Index, 202001=100",403,units,0,v1230996171,1.165,97.6,,,,1
2019-05,Canada,2021A000011124,Primary non-ferrous metal products [P62],"Index, 202001=100",403,units,0,v1230996171,1.165,95.2,,,,1
2019-06,Canada,2021A000011124,Primary non-ferrous metal products [P62],"Index, 202001=100",403,units,0,v1230996171,1.165,94,,,,1
2019-07,Canada,2021A000011124,Primary non-ferrous metal products [P62],"Index, 202001=100",403,units,0,v1230996171,1.165,94.6,,,,1
2019-08,Canada,2021A000011124,Primary non-ferrous metal products [P62],"Index, 202001=100",403,units,0,v1230996171,1.165,96.6,,,,1
2019-09,Canada,2021A000011124,Primary non-ferrous metal products [P62],"Index, 202001=100",403,units,0,v1230996171,1.165,98.3,,,,1
2019-10,Canada,2021A000011124,Primary non-ferrous metal products [P62],"Index, 202001=100",403,units,0,v1230996171,1.165,97.1,,,,1
2019-11,Canada,2021A000011124,Primary non-ferrous metal products [P62],"Index, 202001=100",403,units,0,v1230996171,1.165,97.4,,,,1
2019-12,Canada,2021A000011124,Primary non-ferrous metal products [P62],"Index, 202001=100",403,units,0,v1230996171,1.165,97.2,,,,1
2020-01,Canada,2021A000011124,Primary non-ferrous metal products [P62],"Index, 202001=100",403,units,0,v1230996171,1.165,100,,,,1
2020-02,Canada,2021A000011124,Primary non-ferrous metal products [P62],"Index, 202001=100",403,units,0,v1230996171,1.165,100.2,,,,1
2020-03,Canada,2021A000011124,Primary non-ferrous metal products [P62],"Index, 202001=100",403,units,0,v1230996171,1.165,98.3,,,,1
2020-04,Canada,2021A000011124,Primary non-ferrous metal products [P62],"Index, 202001=100",403,units,0,v1230996171,1.165,98.4,,,,1
2020-05,Canada,2021A000011124,Primary non-ferrous metal products [P62],"Index, 202001=100",403,units,0,v1230996171,1.165,100.5,,,,1
2020-06,Canada,2021A000011124,Primary non-ferrous metal products [P62],"Index, 202001=100",403,units,0,v1230996171,1.165,101.6,,,,1
2020-07,Canada,2021A000011124,Primary non-ferrous metal products [P62],"Index, 202001=100",403,units,0,v1230996171,1.165,108.6,,,,1
2020-08,Canada,2021A000011124,Primary non-ferrous metal products [P62],"Index, 202001=100",403,units,0,v1230996171,1.165,119.1,,,,1
2020-09,Canada,2021A000011124,Primary non-ferrous metal products [P62],"Index, 202001=100",403,units,0,v1230996171,1.165,119.6,,,,1
2020-10,Canada,2021A000011124,Primary non-ferrous metal products [P62],"Index, 202001=100",403,units,0,v1230996171,1.165,117.6,,,,1
2020-11,Canada,2021A000011124,Primary non-ferrous metal products [P62],"Index, 202001=100",403,units,0,v1230996171,1.165,118.6,,,,1
2020-12,Canada,2021A000011124,Primary non-ferrous metal products [P62],"Index, 202001=100",403,units,0,v1230996171,1.165,122.2,,,,1
2021-01,Canada,2021A000011124,Primary non-ferrous metal products [P62],"Index, 202001=100",403,units,0,v1230996171,1.165,124.6,,,,1
2021-02,Canada,2021A000011124,Primary non-ferrous metal products [P62],"Index, 202001=100",403,units,0,v1230996171,1.165,128.8,,,,1
2021-03,Canada,2021A000011124,Primary non-ferrous metal products [P62],"Index, 202001=100",403,units,0,v1230996171,1.165,127.1,,,,1
2021-04,Canada,2021A000011124,Primary non-ferrous metal products [P62],"Index, 202001=100",403,units,0,v1230996171,1.165,128,,,,1
2021-05,Canada,2021A000011124,Primary non-ferrous metal products [P62],"Index, 202001=100",403,units,0,v1230996171,1.165,132.5,,,,1
2021-06,Canada,2021A000011124,Primary non-ferrous metal products [P62],"Index, 202001=100",403,units,0,v1230996171,1.165,131.5,,,,1
2021-07,Canada,2021A000011124,Primary non-ferrous metal products [P62],"Index, 202001=100",403,units,0,v1230996171,1.165,133.6,,,,1
2021-08,Canada,2021A000011124,Primary non-ferrous metal products [P62],"Index, 202001=100",403,units,0,v1230996171,1.165,133,,,,1
2021-09,Canada,2021A000011124,Primary non-ferrous metal products [P62],"Index, 202001=100",403,units,0,v1230996171,1.165,135.2,,,,1
2021-10,Canada,2021A000011124,Primary non-ferrous metal products [P62],"Index, 202001=100",403,units,0,v1230996171,1.165,137.8,,,,1
2021-11,Canada,2021A000011124,Primary non-ferrous metal products [P62],"Index, 202001=100",403,units,0,v1230996171,1.165,139.3,,,,1
2021-12,Canada,2021A000011124,Primary non-ferrous metal products [P62],"Index, 202001=100",403,units,0,v1230996171,1.165,137.3,,,,1
2022-01,Canada,2021A000011124,Primary non-ferrous metal products [P62],"Index, 202001=100",403,units,0,v1230996171,1.165,141.4,,,,1
2022-02,Canada,2021A000011124,Primary non-ferrous metal products [P62],"Index, 202001=100",403,units,0,v1230996171,1.165,149.4,,,,1
2022-03,Canada,2021A000011124,Primary non-ferrous metal products [P62],"Index, 202001=100",403,units,0,v1230996171,1.165,162,,,,1
2022-04,Canada,2021A000011124,Primary non-ferrous metal products [P62],"Index, 202001=100",403,units,0,v1230996171,1.165,160.3,,,,1
2022-05,Canada,2021A000011124,Primary non-ferrous metal products [P62],"Index, 202001=100",403,units,0,v1230996171,1.165,147.4,,,,1
2022-06,Canada,2021A000011124,Primary non-ferrous metal products [P62],"Index, 202001=100",403,units,0,v1230996171,1.165,140.5,,,,1
2022-07,Canada,2021A000011124,Primary non-ferrous metal products [P62],"Index, 202001=100",403,units,0,v1230996171,1.165,127.8,,,,1
2022-08,Canada,2021A000011124,Primary non-ferrous metal products [P62],"Index, 202001=100",403,units,0,v1230996171,1.165,130.4,,,,1
2022-09,Canada,2021A000011124,Primary non-ferrous metal products [P62],"Index, 202001=100",403,units,0,v1230996171,1.165,130.1,,,,1
2022-10,Canada,2021A000011124,Primary non-ferrous metal products [P62],"Index, 202001=100",403,units,0,v1230996171,1.165,132.6,,,,1
2022-11,Canada,2021A000011124,Primary non-ferrous metal products [P62],"Index, 202001=100",403,units,0,v1230996171,1.165,137.7,,,,1
2022-12,Canada,2021A000011124,Primary non-ferrous metal products [P62],"Index, 202001=100",403,units,0,v1230996171,1.165,147.7,,,,1
2023-01,Canada,2021A000011124,Primary non-ferrous metal products [P62],"Index, 202001=100",403,units,0,v1230996171,1.165,150.8,,,,1
2023-02,Canada,2021A000011124,Primary non-ferrous metal products [P62],"Index, 202001=100",403,units,0,v1230996171,1.165,146.8,,,,1
2023-03,Canada,2021A000011124,Primary non-ferrous metal products [P62],"Index, 202001=100",403,units,0,v1230996171,1.165,146,,,,1
2023-04,Canada,2021A000011124,Primary non-ferrous metal products [P62],"Index, 202001=100",403,units,0,v1230996171,1.165,148.7,,,,1
2023-05,Canada,2021A000011124,Primary non-ferrous metal products [P62],"Index, 202001=100",403,units,0,v1230996171,1.165,144.4,,,,1
2023-06,Canada,2021A000011124,Primary non-ferrous metal products [P62],"Index, 202001=100",403,units,0,v1230996171,1.165,138.8,,,,1
2023-07,Canada,2021A000011124,Primary non-ferrous metal products [P62],"Index, 202001=100",403,units,0,v1230996171,1.165,137.8,,,,1
2023-08,Canada,2021A000011124,Primary non-ferrous metal products [P62],"Index, 202001=100",403,units,0,v1230996171,1.165,137,,,,1
2023-09,Canada,2021A000011124,Primary non-ferrous metal products [P62],"Index, 202001=100",403,units,0,v1230996171,1.165,136.2,,,,1
2023-10,Canada,2021A000011124,Primary non-ferrous metal products [P62],"Index, 202001=100",403,units,0,v1230996171,1.165,134.7,,,,1
2023-11,Canada,2021A000011124,Primary non-ferrous metal products [P62],"Index, 202001=100",403,units,0,v1230996171,1.165,137.6,,,,1
2023-12,Canada,2021A000011124,Primary non-ferrous metal products [P62],"Index, 202001=100",403,units,0,v1230996171,1.165,136.6,,,,1
2024-01,Canada,2021A000011124,Primary non-ferrous metal products [P62],"Index, 202001=100",403,units,0,v1230996171,1.165,135.5,,,,1
2024-02,Canada,2021A000011124,Primary non-ferrous metal products [P62],"Index, 202001=100",403,units,0,v1230996171,1.165,135,,,,1
2024-03,Canada,2021A000011124,Primary non-ferrous metal products [P62],"Index, 202001=100",403,units,0,v1230996171,1.165,141.2,,,,1
2024-04,Canada,2021A000011124,Primary non-ferrous metal products [P62],"Index, 202001=100",403,units,0,v1230996171,1.165,152.8,,,,1
2024-05,Canada,2021A000011124,Primary non-ferrous metal products [P62],"Index, 202001=100",403,units,0,v1230996171,1.165,160.1,,,,1
2024-06,Canada,2021A000011124,Primary non-ferrous metal products [P62],"Index, 202001=100",403,units,0,v1230996171,1.165,159.2,,,,1
2024-07,Canada,2021A000011124,Primary non-ferrous metal products [P62],"Index, 202001=100",403,units,0,v1230996171,1.165,159.4,,,,1
2024-08,Canada,2021A000011124,Primary non-ferrous metal products [P62],"Index, 202001=100",403,units,0,v1230996171,1.165,156.8,,,,1
2024-09,Canada,2021A000011124,Primary non-ferrous metal products [P62],"Index, 202001=100",403,units,0,v1230996171,1.165,158,,,,1
2024-10,Canada,2021A000011124,Primary non-ferrous metal products [P62],"Index, 202001=100",403,units,0,v1230996171,1.165,166.9,,,,1
2024-11,Canada,2021A000011124,Primary non-ferrous metal products [P62],"Index, 202001=100",403,units,0,v1230996171,1.165,165.5,,,,1
2024-12,Canada,2021A000011124,Primary non-ferrous metal products [P62],"Index, 202001=100",403,units,0,v1230996171,1.165,166.8,,,,1
2025-01,Canada,2021A000011124,Primary non-ferrous metal products [P62],"Index, 202001=100",403,units,0,v1230996171,1.165,168.4,,,,1
2025-02,Canada,2021A000011124,Primary non-ferrous metal products [P62],"Index, 202001=100",403,units,0,v1230996171,1.165,173.6,,,,1
2025-03,Canada,2021A000011124,Primary non-ferrous metal products [P62],"Index, 202001=100",403,units,0,v1230996171,1.165,180.2,,,,1
2025-04,Canada,2021A000011124,Primary non-ferrous metal products [P62],"Index, 202001=100",403,units,0,v1230996171,1.165,175.7,,,,1
2025-05,Canada,2021A000011124,Primary non-ferrous metal products [P62],"Index, 202001=100",403,units,0,v1230996171,1.165,177.1,,,,1
2025-06,Canada,2021A000011124,Primary non-ferrous metal products [P62],"Index, 202001=100",403,units,0,v1230996171,1.165,182,,,,1
2025-07,Canada,2021A000011124,Primary non-ferrous metal products [P62],"Index, 202001=100",403,units,0,v1230996171,1.165,187,,,,1
2025-08,Canada,2021A000011124,Primary non-ferrous metal products [P62],"Index, 202001=100",403,units,0,v1230996171,1.165,188.2,,,,1
2025-09,Canada,2021A000011124,Primary non-ferrous metal products [P62],"Index, 202001=100",403,units,0,v1230996171,1.165,199.1,,,,1
2025-10,Canada,2021A000011124,Primary non-ferrous metal products [P62],"Index, 202001=100",403,units,0,v1230996171,1.165,219.3,,,,1
2025-11,Canada,2021A000011124,Primary non-ferrous metal products [P62],"Index, 202001=100",403,units,0,v1230996171,1.165,221.8,,,,1
2025-12,Canada,2021A000011124,Primary non-ferrous metal products [P62],"Index, 202001=100",403,units,0,v1230996171,1.165,237.8,,,,1
2016-01,Canada,2021A000011124,Unwrought copper and copper alloys [322],"Index, 202001=100",403,units,0,v1230996178,1.172,80.6,,,,1
2016-02,Canada,2021A000011124,Unwrought copper and copper alloys [322],"Index, 202001=100",403,units,0,v1230996178,1.172,79.6,,,,1
2016-03,Canada,2021A000011124,Unwrought copper and copper alloys [322],"Index, 202001=100",403,units,0,v1230996178,1.172,82,,,,1
2016-04,Canada,2021A000011124,Unwrought copper and copper alloys [322],"Index, 202001=100",403,units,0,v1230996178,1.172,78.1,,,,1
2016-05,Canada,2021A000011124,Unwrought copper and copper alloys [322],"Index, 202001=100",403,units,0,v1230996178,1.172,77,,,,1
2016-06,Canada,2021A000011124,Unwrought copper and copper alloys [322],"Index, 202001=100",403,units,0,v1230996178,1.172,75.4,,,,1
2016-07,Canada,2021A000011124,Unwrought copper and copper alloys [322],"Index, 202001=100",403,units,0,v1230996178,1.172,80,,,,1
2016-08,Canada,2021A000011124,Unwrought copper and copper alloys [322],"Index, 202001=100",403,units,0,v1230996178,1.172,78.1,,,,1
2016-09,Canada,2021A000011124,Unwrought copper and copper alloys [322],"Index, 202001=100",403,units,0,v1230996178,1.172,77.9,,,,1
2016-10,Canada,2021A000011124,Unwrought copper and copper alloys [322],"Index, 202001=100",403,units,0,v1230996178,1.172,79.2,,,,1
2016-11,Canada,2021A000011124,Unwrought copper and copper alloys [322],"Index, 202001=100",403,units,0,v1230996178,1.172,92.4,,,,1
2016-12,Canada,2021A000011124,Unwrought copper and copper alloys [322],"Index, 202001=100",403,units,0,v1230996178,1.172,95.4,,,,1
2017-01,Canada,2021A000011124,Unwrought copper and copper alloys [322],"Index, 202001=100",403,units,0,v1230996178,1.172,95.6,,,,1
2017-02,Canada,2021A000011124,Unwrought copper and copper alloys [322],"Index, 202001=100",403,units,0,v1230996178,1.172,98.4,,,,1
2017-03,Canada,2021A000011124,Unwrought copper and copper alloys [322],"Index, 202001=100",403,units,0,v1230996178,1.172,98.4,,,,1
2017-04,Canada,2021A000011124,Unwrought copper and copper alloys [322],"Index, 202001=100",403,units,0,v1230996178,1.172,96.8,,,,1
2017-05,Canada,2021A000011124,Unwrought copper and copper alloys [322],"Index, 202001=100",403,units,0,v1230996178,1.172,96.1,,,,1
2017-06,Canada,2021A000011124,Unwrought copper and copper alloys [322],"Index, 202001=100",403,units,0,v1230996178,1.172,95.7,,,,1
2017-07,Canada,2021A000011124,Unwrought copper and copper alloys [322],"Index, 202001=100",403,units,0,v1230996178,1.172,95.8,,,,1
2017-08,Canada,2021A000011124,Unwrought copper and copper alloys [322],"Index, 202001=100",403,units,0,v1230996178,1.172,103.1,,,,1
2017-09,Canada,2021A000011124,Unwrought copper and copper alloys [322],"Index, 202001=100",403,units,0,v1230996178,1.172,102.1,,,,1
2017-10,Canada,2021A000011124,Unwrought copper and copper alloys [322],"Index, 202001=100",403,units,0,v1230996178,1.172,108.2,,,,1
2017-11,Canada,2021A000011124,Unwrought copper and copper alloys [322],"Index, 202001=100",403,units,0,v1230996178,1.172,110.1,,,,1
2017-12,Canada,2021A000011124,Unwrought copper and copper alloys [322],"Index, 202001=100",403,units,0,v1230996178,1.172,109.7,,,,1
2018-01,Canada,2021A000011124,Unwrought copper and copper alloys [322],"Index, 202001=100",403,units,0,v1230996178,1.172,111.1,,,,1
2018-02,Canada,2021A000011124,Unwrought copper and copper alloys [322],"Index, 202001=100",403,units,0,v1230996178,1.172,111.3,,,,1
2018-03,Canada,2021A000011124,Unwrought copper and copper alloys [322],"Index, 202001=100",403,units,0,v1230996178,1.172,111,,,,1
2018-04,Canada,2021A000011124,Unwrought copper and copper alloys [322],"Index, 202001=100",403,units,0,v1230996178,1.172,110,,,,1
2018-05,Canada,2021A000011124,Unwrought copper and copper alloys [322],"Index, 202001=100",403,units,0,v1230996178,1.172,110.9,,,,1
2018-06,Canada,2021A000011124,Unwrought copper and copper alloys [322],"Index, 202001=100",403,units,0,v1230996178,1.172,115.3,,,,1
2018-07,Canada,2021A000011124,Unwrought copper and copper alloys [322],"Index, 202001=100",403,units,0,v1230996178,1.172,103.6,,,,1
2018-08,Canada,2021A000011124,Unwrought copper and copper alloys [322],"Index, 202001=100",403,units,0,v1230996178,1.172,99.5,,,,1
2018-09,Canada,2021A000011124,Unwrought copper and copper alloys [322],"Index, 202001=100",403,units,0,v1230996178,1.172,99.1,,,,1
2018-10,Canada,2021A000011124,Unwrought copper and copper alloys [322],"Index, 202001=100",403,units,0,v1230996178,1.172,102.2,,,,1
2018-11,Canada,2021A000011124,Unwrought copper and copper alloys [322],"Index, 202001=100",403,units,0,v1230996178,1.172,103.3,,,,1
2018-12,Canada,2021A000011124,Unwrought copper and copper alloys [322],"Index, 202001=100",403,units,0,v1230996178,1.172,103.4,,,,1
2019-01,Canada,2021A000011124,Unwrought copper and copper alloys [322],"Index, 202001=100",403,units,0,v1230996178,1.172,99.7,,,,1
2019-02,Canada,2021A000011124,Unwrought copper and copper alloys [322],"Index, 202001=100",403,units,0,v1230996178,1.172,104.7,,,,1
2019-03,Canada,2021A000011124,Unwrought copper and copper alloys [322],"Index, 202001=100",403,units,0,v1230996178,1.172,108.9,,,,1
2019-04,Canada,2021A000011124,Unwrought copper and copper alloys [322],"Index, 202001=100",403,units,0,v1230996178,1.172,108.9,,,,1
2019-05,Canada,2021A000011124,Unwrought copper and copper alloys [322],"Index, 202001=100",403,units,0,v1230996178,1.172,102.5,,,,1
2019-06,Canada,2021A000011124,Unwrought copper and copper alloys [322],"Index, 202001=100",403,units,0,v1230996178,1.172,98.5,,,,1
2019-07,Canada,2021A000011124,Unwrought copper and copper alloys [322],"Index, 202001=100",403,units,0,v1230996178,1.172,98.3,,,,1
2019-08,Canada,2021A000011124,Unwrought copper and copper alloys [322],"Index, 202001=100",403,units,0,v1230996178,1.172,95.7,,,,1
2019-09,Canada,2021A000011124,Unwrought copper and copper alloys [322],"Index, 202001=100",403,units,0,v1230996178,1.172,96.1,,,,1
2019-10,Canada,2021A000011124,Unwrought copper and copper alloys [322],"Index, 202001=100",403,units,0,v1230996178,1.172,95.7,,,,1
2019-11,Canada,2021A000011124,Unwrought copper and copper alloys [322],"Index, 202001=100",403,units,0,v1230996178,1.172,98,,,,1
2019-12,Canada,2021A000011124,Unwrought copper and copper alloys [322],"Index, 202001=100",403,units,0,v1230996178,1.172,100.9,,,,1
2020-01,Canada,2021A000011124,Unwrought copper and copper alloys [322],"Index, 202001=100",403,units,0,v1230996178,1.172,100,,,,1
2020-02,Canada,2021A000011124,Unwrought copper and copper alloys [322],"Index, 202001=100",403,units,0,v1230996178,1.172,95.4,,,,1
2020-03,Canada,2021A000011124,Unwrought copper and copper alloys [322],"Index, 202001=100",403,units,0,v1230996178,1.172,91.3,,,,1
2020-04,Canada,2021A000011124,Unwrought copper and copper alloys [322],"Index, 202001=100",403,units,0,v1230996178,1.172,89.6,,,,1
2020-05,Canada,2021A000011124,Unwrought copper and copper alloys [322],"Index, 202001=100",403,units,0,v1230996178,1.172,92.4,,,,1
2020-06,Canada,2021A000011124,Unwrought copper and copper alloys [322],"Index, 202001=100",403,units,0,v1230996178,1.172,98.3,,,,1
2020-07,Canada,2021A000011124,Unwrought copper and copper alloys [322],"Index, 202001=100",403,units,0,v1230996178,1.172,108.3,,,,1
2020-08,Canada,2021A000011124,Unwrought copper and copper alloys [322],"Index, 202001=100",403,units,0,v1230996178,1.172,108.5,,,,1
2020-09,Canada,2021A000011124,Unwrought copper and copper alloys [322],"Index, 202001=100",403,units,0,v1230996178,1.172,112.2,,,,1
2020-10,Canada,2021A000011124,Unwrought copper and copper alloys [322],"Index, 202001=100",403,units,0,v1230996178,1.172,111.9,,,,1
2020-11,Canada,2021A000011124,Unwrought copper and copper alloys [322],"Index, 202001=100",403,units,0,v1230996178,1.172,116.6,,,,1
2020-12,Canada,2021A000011124,Unwrought copper and copper alloys [322],"Index, 202001=100",403,units,0,v1230996178,1.172,125.5,,,,1
2021-01,Canada,2021A000011124,Unwrought copper and copper alloys [322],"Index, 202001=100",403,units,0,v1230996178,1.172,128.1,,,,1
2021-02,Canada,2021A000011124,Unwrought copper and copper alloys [322],"Index, 202001=100",403,units,0,v1230996178,1.172,135.7,,,,1
2021-03,Canada,2021A000011124,Unwrought copper and copper alloys [322],"Index, 202001=100",403,units,0,v1230996178,1.172,143,,,,1
2021-04,Canada,2021A000011124,Unwrought copper and copper alloys [322],"Index, 202001=100",403,units,0,v1230996178,1.172,147.4,,,,1
2021-05,Canada,2021A000011124,Unwrought copper and copper alloys [322],"Index, 202001=100",403,units,0,v1230996178,1.172,156,,,,1
2021-06,Canada,2021A000011124,Unwrought copper and copper alloys [322],"Index, 202001=100",403,units,0,v1230996178,1.172,148.4,,,,1
2021-07,Canada,2021A000011124,Unwrought copper and copper alloys [322],"Index, 202001=100",403,units,0,v1230996178,1.172,149.3,,,,1
2021-08,Canada,2021A000011124,Unwrought copper and copper alloys [322],"Index, 202001=100",403,units,0,v1230996178,1.172,149,,,,1
2021-09,Canada,2021A000011124,Unwrought copper and copper alloys [322],"Index, 202001=100",403,units,0,v1230996178,1.172,149.2,,,,1
2021-10,Canada,2021A000011124,Unwrought copper and copper alloys [322],"Index, 202001=100",403,units,0,v1230996178,1.172,154.5,,,,1
2021-11,Canada,2021A000011124,Unwrought copper and copper alloys [322],"Index, 202001=100",403,units,0,v1230996178,1.172,154.6,,,,1
2021-12,Canada,2021A000011124,Unwrought copper and copper alloys [322],"Index, 202001=100",403,units,0,v1230996178,1.172,154.4,,,,1
2022-01,Canada,2021A000011124,Unwrought copper and copper alloys [322],"Index, 202001=100",403,units,0,v1230996178,1.172,155.9,,,,1
2022-02,Canada,2021A000011124,Unwrought copper and copper alloys [322],"Index, 202001=100",403,units,0,v1230996178,1.172,159.8,,,,1
2022-03,Canada,2021A000011124,Unwrought copper and copper alloys [322],"Index, 202001=100",403,units,0,v1230996178,1.172,163.7,,,,1
2022-04,Canada,2021A000011124,Unwrought copper and copper alloys [322],"Index, 202001=100",403,units,0,v1230996178,1.172,162.2,,,,1
2022-05,Canada,2021A000011124,Unwrought copper and copper alloys [322],"Index, 202001=100",403,units,0,v1230996178,1.172,152.3,,,,1
2022-06,Canada,2021A000011124,Unwrought copper and copper alloys [322],"Index, 202001=100",403,units,0,v1230996178,1.172,146.3,,,,1
2022-07,Canada,2021A000011124,Unwrought copper and copper alloys [322],"Index, 202001=100",403,units,0,v1230996178,1.172,123.4,,,,1
2022-08,Canada,2021A000011124,Unwrought copper and copper alloys [322],"Index, 202001=100",403,units,0,v1230996178,1.172,130.3,,,,1
2022-09,Canada,2021A000011124,Unwrought copper and copper alloys [322],"Index, 202001=100",403,units,0,v1230996178,1.172,130.5,,,,1
2022-10,Canada,2021A000011124,Unwrought copper and copper alloys [322],"Index, 202001=100",403,units,0,v1230996178,1.172,132.4,,,,1
2022-11,Canada,2021A000011124,Unwrought copper and copper alloys [322],"Index, 202001=100",403,units,0,v1230996178,1.172,136.7,,,,1
2022-12,Canada,2021A000011124,Unwrought copper and copper alloys [322],"Index, 202001=100",403,units,0,v1230996178,1.172,143.9,,,,1
2023-01,Canada,2021A000011124,Unwrought copper and copper alloys [322],"Index, 202001=100",403,units,0,v1230996178,1.172,153.2,,,,1
2023-02,Canada,2021A000011124,Unwrought copper and copper alloys [322],"Index, 202001=100",403,units,0,v1230996178,1.172,151.9,,,,1
2023-03,Canada,2021A000011124,Unwrought copper and copper alloys [322],"Index, 202001=100",403,units,0,v1230996178,1.172,153.1,,,,1
2023-04,Canada,2021A000011124,Unwrought copper and copper alloys [322],"Index, 202001=100",403,units,0,v1230996178,1.172,150.1,,,,1
2023-05,Canada,2021A000011124,Unwrought copper and copper alloys [322],"Index, 202001=100",403,units,0,v1230996178,1.172,140.4,,,,1
2023-06,Canada,2021A000011124,Unwrought copper and copper alloys [322],"Index, 202001=100",403,units,0,v1230996178,1.172,140.9,,,,1
2023-07,Canada,2021A000011124,Unwrought copper and copper alloys [322],"Index, 202001=100",403,units,0,v1230996178,1.172,141.6,,,,1
2023-08,Canada,2021A000011124,Unwrought copper and copper alloys [322],"Index, 202001=100",403,units,0,v1230996178,1.172,142.2,,,,1
2023-09,Canada,2021A000011124,Unwrought copper and copper alloys [322],"Index, 202001=100",403,units,0,v1230996178,1.172,141.6,,,,1
2023-10,Canada,2021A000011124,Unwrought copper and copper alloys [322],"Index, 202001=100",403,units,0,v1230996178,1.172,137.6,,,,1
2023-11,Canada,2021A000011124,Unwrought copper and copper alloys [322],"Index, 202001=100",403,units,0,v1230996178,1.172,141.9,,,,1
2023-12,Canada,2021A000011124,Unwrought copper and copper alloys [322],"Index, 202001=100",403,units,0,v1230996178,1.172,142.6,,,,1
2024-01,Canada,2021A000011124,Unwrought copper and copper alloys [322],"Index, 202001=100",403,units,0,v1230996178,1.172,141.6,,,,1
2024-02,Canada,2021A000011124,Unwrought copper and copper alloys [322],"Index, 202001=100",403,units,0,v1230996178,1.172,141.7,,,,1
2024-03,Canada,2021A000011124,Unwrought copper and copper alloys [322],"Index, 202001=100",403,units,0,v1230996178,1.172,148.7,,,,1
2024-04,Canada,2021A000011124,Unwrought copper and copper alloys [322],"Index, 202001=100",403,units,0,v1230996178,1.172,164,,,,1
2024-05,Canada,2021A000011124,Unwrought copper and copper alloys [322],"Index, 202001=100",403,units,0,v1230996178,1.172,175,,,,1
2024-06,Canada,2021A000011124,Unwrought copper and copper alloys [322],"Index, 202001=100",403,units,0,v1230996178,1.172,167.1,,,,1
2024-07,Canada,2021A000011124,Unwrought copper and copper alloys [322],"Index, 202001=100",403,units,0,v1230996178,1.172,162.6,,,,1
2024-08,Canada,2021A000011124,Unwrought copper and copper alloys [322],"Index, 202001=100",403,units,0,v1230996178,1.172,155,,,,1
2024-09,Canada,2021A000011124,Unwrought copper and copper alloys [322],"Index, 202001=100",403,units,0,v1230996178,1.172,158.5,,,,1
2024-10,Canada,2021A000011124,Unwrought copper and copper alloys [322],"Index, 202001=100",403,units,0,v1230996178,1.172,165.7,,,,1
2024-11,Canada,2021A000011124,Unwrought copper and copper alloys [322],"Index, 202001=100",403,units,0,v1230996178,1.172,160.2,,,,1
2024-12,Canada,2021A000011124,Unwrought copper and copper alloys [322],"Index, 202001=100",403,units,0,v1230996178,1.172,160.5,,,,1
2025-01,Canada,2021A000011124,Unwrought copper and copper alloys [322],"Index, 202001=100",403,units,0,v1230996178,1.172,163.5,,,,1
2025-02,Canada,2021A000011124,Unwrought copper and copper alloys [322],"Index, 202001=100",403,units,0,v1230996178,1.172,168.5,,,,1
2025-03,Canada,2021A000011124,Unwrought copper and copper alloys [322],"Index, 202001=100",403,units,0,v1230996178,1.172,176.7,,,,1
2025-04,Canada,2021A000011124,Unwrought copper and copper alloys [322],"Index, 202001=100",403,units,0,v1230996178,1.172,162.3,,,,1
2025-05,Canada,2021A000011124,Unwrought copper and copper alloys [322],"Index, 202001=100",403,units,0,v1230996178,1.172,167.1,,,,1
2025-06,Canada,2021A000011124,Unwrought copper and copper alloys [322],"Index, 202001=100",403,units,0,v1230996178,1.172,169.9,,,,1
2025-07,Canada,2021A000011124,Unwrought copper and copper alloys [322],"Index, 202001=100",403,units,0,v1230996178,1.172,169,,,,1
2025-08,Canada,2021A000011124,Unwrought copper and copper alloys [322],"Index, 202001=100",403,units,0,v1230996178,1.172,168.6,,,,1
2025-09,Canada,2021A000011124,Unwrought copper and copper alloys [322],"Index, 202001=100",403,units,0,v1230996178,1.172,174.7,,,,1
2025-10,Canada,2021A000011124,Unwrought copper and copper alloys [322],"Index, 202001=100",403,units,0,v1230996178,1.172,189.9,,,,1
2025-11,Canada,2021A000011124,Unwrought copper and copper alloys [322],"Index, 202001=100",403,units,0,v1230996178,1.172,192,,,,1
2025-12,Canada,2021A000011124,Unwrought copper and copper alloys [322],"Index, 202001=100",403,units,0,v1230996178,1.172,205.5,,,,1
2016-01,Canada,2021A000011124,Basic and semi-finished products of aluminum and aluminum alloys [32711],"Index, 202001=100",403,units,0,v1230996188,1.182,92.9,,,,1
2016-02,Canada,2021A000011124,Basic and semi-finished products of aluminum and aluminum alloys [32711],"Index, 202001=100",403,units,0,v1230996188,1.182,91.9,,,,1
2016-03,Canada,2021A000011124,Basic and semi-finished products of aluminum and aluminum alloys [32711],"Index, 202001=100",403,units,0,v1230996188,1.182,90.3,,,,1
2016-04,Canada,2021A000011124,Basic and semi-finished products of aluminum and aluminum alloys [32711],"Index, 202001=100",403,units,0,v1230996188,1.182,87.7,,,,1
2016-05,Canada,2021A000011124,Basic and semi-finished products of aluminum and aluminum alloys [32711],"Index, 202001=100",403,units,0,v1230996188,1.182,86.4,,,,1
2016-06,Canada,2021A000011124,Basic and semi-finished products of aluminum and aluminum alloys [32711],"Index, 202001=100",403,units,0,v1230996188,1.182,86.8,,,,1
2016-07,Canada,2021A000011124,Basic and semi-finished products of aluminum and aluminum alloys [32711],"Index, 202001=100",403,units,0,v1230996188,1.182,87.1,,,,1
2016-08,Canada,2021A000011124,Basic and semi-finished products of aluminum and aluminum alloys [32711],"Index, 202001=100",403,units,0,v1230996188,1.182,87.9,,,,1
2016-09,Canada,2021A000011124,Basic and semi-finished products of aluminum and aluminum alloys [32711],"Index, 202001=100",403,units,0,v1230996188,1.182,87.9,,,,1
2016-10,Canada,2021A000011124,Basic and semi-finished products of aluminum and aluminum alloys [32711],"Index, 202001=100",403,units,0,v1230996188,1.182,88.1,,,,1
2016-11,Canada,2021A000011124,Basic and semi-finished products of aluminum and aluminum alloys [32711],"Index, 202001=100",403,units,0,v1230996188,1.182,89,,,,1
2016-12,Canada,2021A000011124,Basic and semi-finished products of aluminum and aluminum alloys [32711],"Index, 202001=100",403,units,0,v1230996188,1.182,91.2,,,,1
2017-01,Canada,2021A000011124,Basic and semi-finished products of aluminum and aluminum alloys [32711],"Index, 202001=100",403,units,0,v1230996188,1.182,91.4,,,,1
2017-02,Canada,2021A000011124,Basic and semi-finished products of aluminum and aluminum alloys [32711],"Index, 202001=100",403,units,0,v1230996188,1.182,91.8,,,,1
2017-03,Canada,2021A000011124,Basic and semi-finished products of aluminum and aluminum alloys [32711],"Index, 202001=100",403,units,0,v1230996188,1.182,92.6,,,,1
2017-04,Canada,2021A000011124,Basic and semi-finished products of aluminum and aluminum alloys [32711],"Index, 202001=100",403,units,0,v1230996188,1.182,95.2,,,,1
2017-05,Canada,2021A000011124,Basic and semi-finished products of aluminum and aluminum alloys [32711],"Index, 202001=100",403,units,0,v1230996188,1.182,96.9,,,,1
2017-06,Canada,2021A000011124,Basic and semi-finished products of aluminum and aluminum alloys [32711],"Index, 202001=100",403,units,0,v1230996188,1.182,98.1,,,,1
2017-07,Canada,2021A000011124,Basic and semi-finished products of aluminum and aluminum alloys [32711],"Index, 202001=100",403,units,0,v1230996188,1.182,96.6,,,,1
2017-08,Canada,2021A000011124,Basic and semi-finished products of aluminum and aluminum alloys [32711],"Index, 202001=100",403,units,0,v1230996188,1.182,94.1,,,,1
2017-09,Canada,2021A000011124,Basic and semi-finished products of aluminum and aluminum alloys [32711],"Index, 202001=100",403,units,0,v1230996188,1.182,94.3,,,,1
2017-10,Canada,2021A000011124,Basic and semi-finished products of aluminum and aluminum alloys [32711],"Index, 202001=100",403,units,0,v1230996188,1.182,94.4,,,,1
2017-11,Canada,2021A000011124,Basic and semi-finished products of aluminum and aluminum alloys [32711],"Index, 202001=100",403,units,0,v1230996188,1.182,96.8,,,,1
2017-12,Canada,2021A000011124,Basic and semi-finished products of aluminum and aluminum alloys [32711],"Index, 202001=100",403,units,0,v1230996188,1.182,99.3,,,,1
2018-01,Canada,2021A000011124,Basic and semi-finished products of aluminum and aluminum alloys [32711],"Index, 202001=100",403,units,0,v1230996188,1.182,99.9,,,,1
2018-02,Canada,2021A000011124,Basic and semi-finished products of aluminum and aluminum alloys [32711],"Index, 202001=100",403,units,0,v1230996188,1.182,99.8,,,,1
2018-03,Canada,2021A000011124,Basic and semi-finished products of aluminum and aluminum alloys [32711],"Index, 202001=100",403,units,0,v1230996188,1.182,100.9,,,,1
2018-04,Canada,2021A000011124,Basic and semi-finished products of aluminum and aluminum alloys [32711],"Index, 202001=100",403,units,0,v1230996188,1.182,103.5,,,,1
2018-05,Canada,2021A000011124,Basic and semi-finished products of aluminum and aluminum alloys [32711],"Index, 202001=100",403,units,0,v1230996188,1.182,105.3,,,,1
2018-06,Canada,2021A000011124,Basic and semi-finished products of aluminum and aluminum alloys [32711],"Index, 202001=100",403,units,0,v1230996188,1.182,108.3,,,,1
2018-07,Canada,2021A000011124,Basic and semi-finished products of aluminum and aluminum alloys [32711],"Index, 202001=100",403,units,0,v1230996188,1.182,111.8,,,,1
2018-08,Canada,2021A000011124,Basic and semi-finished products of aluminum and aluminum alloys [32711],"Index, 202001=100",403,units,0,v1230996188,1.182,109,,,,1
2018-09,Canada,2021A000011124,Basic and semi-finished products of aluminum and aluminum alloys [32711],"Index, 202001=100",403,units,0,v1230996188,1.182,108.1,,,,1
2018-10,Canada,2021A000011124,Basic and semi-finished products of aluminum and aluminum alloys [32711],"Index, 202001=100",403,units,0,v1230996188,1.182,108.1,,,,1
2018-11,Canada,2021A000011124,Basic and semi-finished products of aluminum and aluminum alloys [32711],"Index, 202001=100",403,units,0,v1230996188,1.182,108,,,,1
2018-12,Canada,2021A000011124,Basic and semi-finished products of aluminum and aluminum alloys [32711],"Index, 202001=100",403,units,0,v1230996188,1.182,108.8,,,,1
2019-01,Canada,2021A000011124,Basic and semi-finished products of aluminum and aluminum alloys [32711],"Index, 202001=100",403,units,0,v1230996188,1.182,108.8,,,,1
2019-02,Canada,2021A000011124,Basic and semi-finished products of aluminum and aluminum alloys [32711],"Index, 202001=100",403,units,0,v1230996188,1.182,106.7,,,,1
2019-03,Canada,2021A000011124,Basic and semi-finished products of aluminum and aluminum alloys [32711],"Index, 202001=100",403,units,0,v1230996188,1.182,104.3,,,,1
2019-04,Canada,2021A000011124,Basic and semi-finished products of aluminum and aluminum alloys [32711],"Index, 202001=100",403,units,0,v1230996188,1.182,105,,,,1
2019-05,Canada,2021A000011124,Basic and semi-finished products of aluminum and aluminum alloys [32711],"Index, 202001=100",403,units,0,v1230996188,1.182,103.3,,,,1
2019-06,Canada,2021A000011124,Basic and semi-finished products of aluminum and aluminum alloys [32711],"Index, 202001=100",403,units,0,v1230996188,1.182,103,,,,1
2019-07,Canada,2021A000011124,Basic and semi-finished products of aluminum and aluminum alloys [32711],"Index, 202001=100",403,units,0,v1230996188,1.182,104.5,,,,1
2019-08,Canada,2021A000011124,Basic and semi-finished products of aluminum and aluminum alloys [32711],"Index, 202001=100",403,units,0,v1230996188,1.182,101.7,,,,1
2019-09,Canada,2021A000011124,Basic and semi-finished products of aluminum and aluminum alloys [32711],"Index, 202001=100",403,units,0,v1230996188,1.182,102.1,,,,1
2019-10,Canada,2021A000011124,Basic and semi-finished products of aluminum and aluminum alloys [32711],"Index, 202001=100",403,units,0,v1230996188,1.182,100,,,,1
2019-11,Canada,2021A000011124,Basic and semi-finished products of aluminum and aluminum alloys [32711],"Index, 202001=100",403,units,0,v1230996188,1.182,99.8,,,,1
2019-12,Canada,2021A000011124,Basic and semi-finished products of aluminum and aluminum alloys [32711],"Index, 202001=100",403,units,0,v1230996188,1.182,99.5,,,,1
2020-01,Canada,2021A000011124,Basic and semi-finished products of aluminum and aluminum alloys [32711],"Index, 202001=100",403,units,0,v1230996188,1.182,100,,,,1
2020-02,Canada,2021A000011124,Basic and semi-finished products of aluminum and aluminum alloys [32711],"Index, 202001=100",403,units,0,v1230996188,1.182,97.7,,,,1
2020-03,Canada,2021A000011124,Basic and semi-finished products of aluminum and aluminum alloys [32711],"Index, 202001=100",403,units,0,v1230996188,1.182,96.5,,,,1
2020-04,Canada,2021A000011124,Basic and semi-finished products of aluminum and aluminum alloys [32711],"Index, 202001=100",403,units,0,v1230996188,1.182,97.1,,,,1
2020-05,Canada,2021A000011124,Basic and semi-finished products of aluminum and aluminum alloys [32711],"Index, 202001=100",403,units,0,v1230996188,1.182,93.3,,,,1
2020-06,Canada,2021A000011124,Basic and semi-finished products of aluminum and aluminum alloys [32711],"Index, 202001=100",403,units,0,v1230996188,1.182,90,,,,1
2020-07,Canada,2021A000011124,Basic and semi-finished products of aluminum and aluminum alloys [32711],"Index, 202001=100",403,units,0,v1230996188,1.182,88.5,,,,1
2020-08,Canada,2021A000011124,Basic and semi-finished products of aluminum and aluminum alloys [32711],"Index, 202001=100",403,units,0,v1230996188,1.182,90.7,,,,1
2020-09,Canada,2021A000011124,Basic and semi-finished products of aluminum and aluminum alloys [32711],"Index, 202001=100",403,units,0,v1230996188,1.182,94,,,,1
2020-10,Canada,2021A000011124,Basic and semi-finished products of aluminum and aluminum alloys [32711],"Index, 202001=100",403,units,0,v1230996188,1.182,95.5,,,,1
2020-11,Canada,2021A000011124,Basic and semi-finished products of aluminum and aluminum alloys [32711],"Index, 202001=100",403,units,0,v1230996188,1.182,96.9,,,,1
2020-12,Canada,2021A000011124,Basic and semi-finished products of aluminum and aluminum alloys [32711],"Index, 202001=100",403,units,0,v1230996188,1.182,100.3,,,,1
2021-01,Canada,2021A000011124,Basic and semi-finished products of aluminum and aluminum alloys [32711],"Index, 202001=100",403,units,0,v1230996188,1.182,102.5,,,,1
2021-02,Canada,2021A000011124,Basic and semi-finished products of aluminum and aluminum alloys [32711],"Index, 202001=100",403,units,0,v1230996188,1.182,102.5,,,,1
2021-03,Canada,2021A000011124,Basic and semi-finished products of aluminum and aluminum alloys [32711],"Index, 202001=100",403,units,0,v1230996188,1.182,104.9,,,,1
2021-04,Canada,2021A000011124,Basic and semi-finished products of aluminum and aluminum alloys [32711],"Index, 202001=100",403,units,0,v1230996188,1.182,108.9,,,,1
2021-05,Canada,2021A000011124,Basic and semi-finished products of aluminum and aluminum alloys [32711],"Index, 202001=100",403,units,0,v1230996188,1.182,116.8,,,,1
2021-06,Canada,2021A000011124,Basic and semi-finished products of aluminum and aluminum alloys [32711],"Index, 202001=100",403,units,0,v1230996188,1.182,118,,,,1
2021-07,Canada,2021A000011124,Basic and semi-finished products of aluminum and aluminum alloys [32711],"Index, 202001=100",403,units,0,v1230996188,1.182,121.2,,,,1
2021-08,Canada,2021A000011124,Basic and semi-finished products of aluminum and aluminum alloys [32711],"Index, 202001=100",403,units,0,v1230996188,1.182,127.7,,,,1
2021-09,Canada,2021A000011124,Basic and semi-finished products of aluminum and aluminum alloys [32711],"Index, 202001=100",403,units,0,v1230996188,1.182,135.4,,,,1
2021-10,Canada,2021A000011124,Basic and semi-finished products of aluminum and aluminum alloys [32711],"Index, 202001=100",403,units,0,v1230996188,1.182,145.2,,,,1
2021-11,Canada,2021A000011124,Basic and semi-finished products of aluminum and aluminum alloys [32711],"Index, 202001=100",403,units,0,v1230996188,1.182,147.9,,,,1
2021-12,Canada,2021A000011124,Basic and semi-finished products of aluminum and aluminum alloys [32711],"Index, 202001=100",403,units,0,v1230996188,1.182,136.3,,,,1
2022-01,Canada,2021A000011124,Basic and semi-finished products of aluminum and aluminum alloys [32711],"Index, 202001=100",403,units,0,v1230996188,1.182,141.8,,,,1
2022-02,Canada,2021A000011124,Basic and semi-finished products of aluminum and aluminum alloys [32711],"Index, 202001=100",403,units,0,v1230996188,1.182,161.4,,,,1
2022-03,Canada,2021A000011124,Basic and semi-finished products of aluminum and aluminum alloys [32711],"Index, 202001=100",403,units,0,v1230996188,1.182,172.4,,,,1
2022-04,Canada,2021A000011124,Basic and semi-finished products of aluminum and aluminum alloys [32711],"Index, 202001=100",403,units,0,v1230996188,1.182,183.9,,,,1
2022-05,Canada,2021A000011124,Basic and semi-finished products of aluminum and aluminum alloys [32711],"Index, 202001=100",403,units,0,v1230996188,1.182,174.3,,,,1
2022-06,Canada,2021A000011124,Basic and semi-finished products of aluminum and aluminum alloys [32711],"Index, 202001=100",403,units,0,v1230996188,1.182,160.7,,,,1
2022-07,Canada,2021A000011124,Basic and semi-finished products of aluminum and aluminum alloys [32711],"Index, 202001=100",403,units,0,v1230996188,1.182,151.4,,,,1
2022-08,Canada,2021A000011124,Basic and semi-finished products of aluminum and aluminum alloys [32711],"Index, 202001=100",403,units,0,v1230996188,1.182,143.9,,,,1
2022-09,Canada,2021A000011124,Basic and semi-finished products of aluminum and aluminum alloys [32711],"Index, 202001=100",403,units,0,v1230996188,1.182,142.9,,,,1
2022-10,Canada,2021A000011124,Basic and semi-finished products of aluminum and aluminum alloys [32711],"Index, 202001=100",403,units,0,v1230996188,1.182,139.2,,,,1
2022-11,Canada,2021A000011124,Basic and semi-finished products of aluminum and aluminum alloys [32711],"Index, 202001=100",403,units,0,v1230996188,1.182,140.2,,,,1
2022-12,Canada,2021A000011124,Basic and semi-finished products of aluminum and aluminum alloys [32711],"Index, 202001=100",403,units,0,v1230996188,1.182,141.3,,,,1
2023-01,Canada,2021A000011124,Basic and semi-finished products of aluminum and aluminum alloys [32711],"Index, 202001=100",403,units,0,v1230996188,1.182,141.5,,,,1
2023-02,Canada,2021A000011124,Basic and semi-finished products of aluminum and aluminum alloys [32711],"Index, 202001=100",403,units,0,v1230996188,1.182,150.5,,,,1
2023-03,Canada,2021A000011124,Basic and semi-finished products of aluminum and aluminum alloys [32711],"Index, 202001=100",403,units,0,v1230996188,1.182,152,,,,1
2023-04,Canada,2021A000011124,Basic and semi-finished products of aluminum and aluminum alloys [32711],"Index, 202001=100",403,units,0,v1230996188,1.182,148.4,,,,1
2023-05,Canada,2021A000011124,Basic and semi-finished products of aluminum and aluminum alloys [32711],"Index, 202001=100",403,units,0,v1230996188,1.182,149,,,,1
2023-06,Canada,2021A000011124,Basic and semi-finished products of aluminum and aluminum alloys [32711],"Index, 202001=100",403,units,0,v1230996188,1.182,145.4,,,,1
2023-07,Canada,2021A000011124,Basic and semi-finished products of aluminum and aluminum alloys [32711],"Index, 202001=100",403,units,0,v1230996188,1.182,143.5,,,,1
2023-08,Canada,2021A000011124,Basic and semi-finished products of aluminum and aluminum alloys [32711],"Index, 202001=100",403,units,0,v1230996188,1.182,138.9,,,,1
2023-09,Canada,2021A000011124,Basic and semi-finished products of aluminum and aluminum alloys [32711],"Index, 202001=100",403,units,0,v1230996188,1.182,140.5,,,,1
2023-10,Canada,2021A000011124,Basic and semi-finished products of aluminum and aluminum alloys [32711],"Index, 202001=100",403,units,0,v1230996188,1.182,142,,,,1
2023-11,Canada,2021A000011124,Basic and semi-finished products of aluminum and aluminum alloys [32711],"Index, 202001=100",403,units,0,v1230996188,1.182,143.5,,,,1
2023-12,Canada,2021A000011124,Basic and semi-finished products of aluminum and aluminum alloys [32711],"Index, 202001=100",403,units,0,v1230996188,1.182,142.2,,,,1
2024-01,Canada,2021A000011124,Basic and semi-finished products of aluminum and aluminum alloys [32711],"Index, 202001=100",403,units,0,v1230996188,1.182,140.5,,,,1
2024-02,Canada,2021A000011124,Basic and semi-finished products of aluminum and aluminum alloys [32711],"Index, 202001=100",403,units,0,v1230996188,1.182,139.7,,,,1
2024-03,Canada,2021A000011124,Basic and semi-finished products of aluminum and aluminum alloys [32711],"Index, 202001=100",403,units,0,v1230996188,1.182,139.6,,,,1
2024-04,Canada,2021A000011124,Basic and semi-finished products of aluminum and aluminum alloys [32711],"Index, 202001=100",403,units,0,v1230996188,1.182,140.8,,,,1
2024-05,Canada,2021A000011124,Basic and semi-finished products of aluminum and aluminum alloys [32711],"Index, 202001=100",403,units,0,v1230996188,1.182,149.3,,,,1
2024-06,Canada,2021A000011124,Basic and semi-finished products of aluminum and aluminum alloys [32711],"Index, 202001=100",403,units,0,v1230996188,1.182,152.5,,,,1
2024-07,Canada,2021A000011124,Basic and semi-finished products of aluminum and aluminum alloys [32711],"Index, 202001=100",403,units,0,v1230996188,1.182,151.7,,,,1
2024-08,Canada,2021A000011124,Basic and semi-finished products of aluminum and aluminum alloys [32711],"Index, 202001=100",403,units,0,v1230996188,1.182,147.1,,,,1
2024-09,Canada,2021A000011124,Basic and semi-finished products of aluminum and aluminum alloys [32711],"Index, 202001=100",403,units,0,v1230996188,1.182,146.7,,,,1
2024-10,Canada,2021A000011124,Basic and semi-finished products of aluminum and aluminum alloys [32711],"Index, 202001=100",403,units,0,v1230996188,1.182,149.6,,,,1
2024-11,Canada,2021A000011124,Basic and semi-finished products of aluminum and aluminum alloys [32711],"Index, 202001=100",403,units,0,v1230996188,1.182,154.3,,,,1
2024-12,Canada,2021A000011124,Basic and semi-finished products of aluminum and aluminum alloys [32711],"Index, 202001=100",403,units,0,v1230996188,1.182,157.8,,,,1
2025-01,Canada,2021A000011124,Basic and semi-finished products of aluminum and aluminum alloys [32711],"Index, 202001=100",403,units,0,v1230996188,1.182,158.9,,,,1
2025-02,Canada,2021A000011124,Basic and semi-finished products of aluminum and aluminum alloys [32711],"Index, 202001=100",403,units,0,v1230996188,1.182,162.3,,,,1
2025-03,Canada,2021A000011124,Basic and semi-finished products of aluminum and aluminum alloys [32711],"Index, 202001=100",403,units,0,v1230996188,1.182,169.4,,,,1
2025-04,Canada,2021A000011124,Basic and semi-finished products of aluminum and aluminum alloys [32711],"Index, 202001=100",403,units,0,v1230996188,1.182,172,,,,1
2025-05,Canada,2021A000011124,Basic and semi-finished products of aluminum and aluminum alloys [32711],"Index, 202001=100",403,units,0,v1230996188,1.182,163.9,,,,1
2025-06,Canada,2021A000011124,Basic and semi-finished products of aluminum and aluminum alloys [32711],"Index, 202001=100",403,units,0,v1230996188,1.182,162.5,,,,1
2025-07,Canada,2021A000011124,Basic and semi-finished products of aluminum and aluminum alloys [32711],"Index, 202001=100",403,units,0,v1230996188,1.182,173.2,,,,1
2025-08,Canada,2021A000011124,Basic and semi-finished products of aluminum and aluminum alloys [32711],"Index, 202001=100",403,units,0,v1230996188,1.182,182.1,,,,1
2025-09,Canada,2021A000011124,Basic and semi-finished products of aluminum and aluminum alloys [32711],"Index, 202001=100",403,units,0,v1230996188,1.182,182.7,,,,1
2025-10,Canada,2021A000011124,Basic and semi-finished products of aluminum and aluminum alloys [32711],"Index, 202001=100",403,units,0,v1230996188,1.182,184.6,,,,1
2025-11,Canada,2021A000011124,Basic and semi-finished products of aluminum and aluminum alloys [32711],"Index, 202001=100",403,units,0,v1230996188,1.182,195.6,,,,1
2025-12,Canada,2021A000011124,Basic and semi-finished products of aluminum and aluminum alloys [32711],"Index, 202001=100",403,units,0,v1230996188,1.182,169.6,,,,1
2016-01,Canada,2021A000011124,Clay and ceramic products and refractories [29111],"Index, 202001=100",403,units,0,v1230996311,1.305,93.9,,,,1
2016-02,Canada,2021A000011124,Clay and ceramic products and refractories [29111],"Index, 202001=100",403,units,0,v1230996311,1.305,94.9,,,,1
2016-03,Canada,2021A000011124,Clay and ceramic products and refractories [29111],"Index, 202001=100",403,units,0,v1230996311,1.305,98.7,,,,1
2016-04,Canada,2021A000011124,Clay and ceramic products and refractories [29111],"Index, 202001=100",403,units,0,v1230996311,1.305,98.6,,,,1
2016-05,Canada,2021A000011124,Clay and ceramic products and refractories [29111],"Index, 202001=100",403,units,0,v1230996311,1.305,98.7,,,,1
2016-06,Canada,2021A000011124,Clay and ceramic products and refractories [29111],"Index, 202001=100",403,units,0,v1230996311,1.305,96.5,,,,1
2016-07,Canada,2021A000011124,Clay and ceramic products and refractories [29111],"Index, 202001=100",403,units,0,v1230996311,1.305,96.5,,,,1
2016-08,Canada,2021A000011124,Clay and ceramic products and refractories [29111],"Index, 202001=100",403,units,0,v1230996311,1.305,96.5,,,,1
2016-09,Canada,2021A000011124,Clay and ceramic products and refractories [29111],"Index, 202001=100",403,units,0,v1230996311,1.305,95.9,,,,1
2016-10,Canada,2021A000011124,Clay and ceramic products and refractories [29111],"Index, 202001=100",403,units,0,v1230996311,1.305,96.2,,,,1
2016-11,Canada,2021A000011124,Clay and ceramic products and refractories [29111],"Index, 202001=100",403,units,0,v1230996311,1.305,96.4,,,,1
2016-12,Canada,2021A000011124,Clay and ceramic products and refractories [29111],"Index, 202001=100",403,units,0,v1230996311,1.305,95.1,,,,1
2017-01,Canada,2021A000011124,Clay and ceramic products and refractories [29111],"Index, 202001=100",403,units,0,v1230996311,1.305,96.1,,,,1
2017-02,Canada,2021A000011124,Clay and ceramic products and refractories [29111],"Index, 202001=100",403,units,0,v1230996311,1.305,96.7,,,,1
2017-03,Canada,2021A000011124,Clay and ceramic products and refractories [29111],"Index, 202001=100",403,units,0,v1230996311,1.305,97.6,,,,1
2017-04,Canada,2021A000011124,Clay and ceramic products and refractories [29111],"Index, 202001=100",403,units,0,v1230996311,1.305,98.1,,,,1
2017-05,Canada,2021A000011124,Clay and ceramic products and refractories [29111],"Index, 202001=100",403,units,0,v1230996311,1.305,99.4,,,,1
2017-06,Canada,2021A000011124,Clay and ceramic products and refractories [29111],"Index, 202001=100",403,units,0,v1230996311,1.305,98.1,,,,1
2017-07,Canada,2021A000011124,Clay and ceramic products and refractories [29111],"Index, 202001=100",403,units,0,v1230996311,1.305,100.9,,,,1
2017-08,Canada,2021A000011124,Clay and ceramic products and refractories [29111],"Index, 202001=100",403,units,0,v1230996311,1.305,100.8,,,,1
2017-09,Canada,2021A000011124,Clay and ceramic products and refractories [29111],"Index, 202001=100",403,units,0,v1230996311,1.305,99.9,,,,1
2017-10,Canada,2021A000011124,Clay and ceramic products and refractories [29111],"Index, 202001=100",403,units,0,v1230996311,1.305,101,,,,1
2017-11,Canada,2021A000011124,Clay and ceramic products and refractories [29111],"Index, 202001=100",403,units,0,v1230996311,1.305,98.8,,,,1
2017-12,Canada,2021A000011124,Clay and ceramic products and refractories [29111],"Index, 202001=100",403,units,0,v1230996311,1.305,98.6,,,,1
2018-01,Canada,2021A000011124,Clay and ceramic products and refractories [29111],"Index, 202001=100",403,units,0,v1230996311,1.305,97.4,,,,1
2018-02,Canada,2021A000011124,Clay and ceramic products and refractories [29111],"Index, 202001=100",403,units,0,v1230996311,1.305,95.2,,,,1
2018-03,Canada,2021A000011124,Clay and ceramic products and refractories [29111],"Index, 202001=100",403,units,0,v1230996311,1.305,95.7,,,,1
2018-04,Canada,2021A000011124,Clay and ceramic products and refractories [29111],"Index, 202001=100",403,units,0,v1230996311,1.305,97.3,,,,1
2018-05,Canada,2021A000011124,Clay and ceramic products and refractories [29111],"Index, 202001=100",403,units,0,v1230996311,1.305,97.8,,,,1
2018-06,Canada,2021A000011124,Clay and ceramic products and refractories [29111],"Index, 202001=100",403,units,0,v1230996311,1.305,100.4,,,,1
2018-07,Canada,2021A000011124,Clay and ceramic products and refractories [29111],"Index, 202001=100",403,units,0,v1230996311,1.305,100.9,,,,1
2018-08,Canada,2021A000011124,Clay and ceramic products and refractories [29111],"Index, 202001=100",403,units,0,v1230996311,1.305,100.8,,,,1
2018-09,Canada,2021A000011124,Clay and ceramic products and refractories [29111],"Index, 202001=100",403,units,0,v1230996311,1.305,101.3,,,,1
2018-10,Canada,2021A000011124,Clay and ceramic products and refractories [29111],"Index, 202001=100",403,units,0,v1230996311,1.305,101.8,,,,1
2018-11,Canada,2021A000011124,Clay and ceramic products and refractories [29111],"Index, 202001=100",403,units,0,v1230996311,1.305,101.9,,,,1
2018-12,Canada,2021A000011124,Clay and ceramic products and refractories [29111],"Index, 202001=100",403,units,0,v1230996311,1.305,101.8,,,,1
2019-01,Canada,2021A000011124,Clay and ceramic products and refractories [29111],"Index, 202001=100",403,units,0,v1230996311,1.305,102,,,,1
2019-02,Canada,2021A000011124,Clay and ceramic products and refractories [29111],"Index, 202001=100",403,units,0,v1230996311,1.305,101.8,,,,1
2019-03,Canada,2021A000011124,Clay and ceramic products and refractories [29111],"Index, 202001=100",403,units,0,v1230996311,1.305,102.4,,,,1
2019-04,Canada,2021A000011124,Clay and ceramic products and refractories [29111],"Index, 202001=100",403,units,0,v1230996311,1.305,102.2,,,,1
2019-05,Canada,2021A000011124,Clay and ceramic products and refractories [29111],"Index, 202001=100",403,units,0,v1230996311,1.305,102.4,,,,1
2019-06,Canada,2021A000011124,Clay and ceramic products and refractories [29111],"Index, 202001=100",403,units,0,v1230996311,1.305,101.9,,,,1
2019-07,Canada,2021A000011124,Clay and ceramic products and refractories [29111],"Index, 202001=100",403,units,0,v1230996311,1.305,102.4,,,,1
2019-08,Canada,2021A000011124,Clay and ceramic products and refractories [29111],"Index, 202001=100",403,units,0,v1230996311,1.305,102.4,,,,1
2019-09,Canada,2021A000011124,Clay and ceramic products and refractories [29111],"Index, 202001=100",403,units,0,v1230996311,1.305,102.4,,,,1
2019-10,Canada,2021A000011124,Clay and ceramic products and refractories [29111],"Index, 202001=100",403,units,0,v1230996311,1.305,102.9,,,,1
2019-11,Canada,2021A000011124,Clay and ceramic products and refractories [29111],"Index, 202001=100",403,units,0,v1230996311,1.305,103.9,,,,1
2019-12,Canada,2021A000011124,Clay and ceramic products and refractories [29111],"Index, 202001=100",403,units,0,v1230996311,1.305,104,,,,1
2020-01,Canada,2021A000011124,Clay and ceramic products and refractories [29111],"Index, 202001=100",403,units,0,v1230996311,1.305,100,,,,1
2020-02,Canada,2021A000011124,Clay and ceramic products and refractories [29111],"Index, 202001=100",403,units,0,v1230996311,1.305,91.6,,,,1
2020-03,Canada,2021A000011124,Clay and ceramic products and refractories [29111],"Index, 202001=100",403,units,0,v1230996311,1.305,91,,,,1
2020-04,Canada,2021A000011124,Clay and ceramic products and refractories [29111],"Index, 202001=100",403,units,0,v1230996311,1.305,86.8,,,,1
2020-05,Canada,2021A000011124,Clay and ceramic products and refractories [29111],"Index, 202001=100",403,units,0,v1230996311,1.305,89,,,,1
2020-06,Canada,2021A000011124,Clay and ceramic products and refractories [29111],"Index, 202001=100",403,units,0,v1230996311,1.305,92.1,,,,1
2020-07,Canada,2021A000011124,Clay and ceramic products and refractories [29111],"Index, 202001=100",403,units,0,v1230996311,1.305,95.1,,,,1
2020-08,Canada,2021A000011124,Clay and ceramic products and refractories [29111],"Index, 202001=100",403,units,0,v1230996311,1.305,88.3,,,,1
2020-09,Canada,2021A000011124,Clay and ceramic products and refractories [29111],"Index, 202001=100",403,units,0,v1230996311,1.305,110.4,,,,1
2020-10,Canada,2021A000011124,Clay and ceramic products and refractories [29111],"Index, 202001=100",403,units,0,v1230996311,1.305,110.4,,,,1
2020-11,Canada,2021A000011124,Clay and ceramic products and refractories [29111],"Index, 202001=100",403,units,0,v1230996311,1.305,110.4,,,,1
2020-12,Canada,2021A000011124,Clay and ceramic products and refractories [29111],"Index, 202001=100",403,units,0,v1230996311,1.305,110.2,,,,1
2021-01,Canada,2021A000011124,Clay and ceramic products and refractories [29111],"Index, 202001=100",403,units,0,v1230996311,1.305,110.3,,,,1
2021-02,Canada,2021A000011124,Clay and ceramic products and refractories [29111],"Index, 202001=100",403,units,0,v1230996311,1.305,110.3,,,,1
2021-03,Canada,2021A000011124,Clay and ceramic products and refractories [29111],"Index, 202001=100",403,units,0,v1230996311,1.305,110.3,,,,1
2021-04,Canada,2021A000011124,Clay and ceramic products and refractories [29111],"Index, 202001=100",403,units,0,v1230996311,1.305,110.3,,,,1
2021-05,Canada,2021A000011124,Clay and ceramic products and refractories [29111],"Index, 202001=100",403,units,0,v1230996311,1.305,110.2,,,,1
2021-06,Canada,2021A000011124,Clay and ceramic products and refractories [29111],"Index, 202001=100",403,units,0,v1230996311,1.305,110.1,,,,1
2021-07,Canada,2021A000011124,Clay and ceramic products and refractories [29111],"Index, 202001=100",403,units,0,v1230996311,1.305,110.3,,,,1
2021-08,Canada,2021A000011124,Clay and ceramic products and refractories [29111],"Index, 202001=100",403,units,0,v1230996311,1.305,110.5,,,,1
2021-09,Canada,2021A000011124,Clay and ceramic products and refractories [29111],"Index, 202001=100",403,units,0,v1230996311,1.305,110.3,,,,1
2021-10,Canada,2021A000011124,Clay and ceramic products and refractories [29111],"Index, 202001=100",403,units,0,v1230996311,1.305,110.4,,,,1
2021-11,Canada,2021A000011124,Clay and ceramic products and refractories [29111],"Index, 202001=100",403,units,0,v1230996311,1.305,110.4,,,,1
2021-12,Canada,2021A000011124,Clay and ceramic products and refractories [29111],"Index, 202001=100",403,units,0,v1230996311,1.305,110.4,,,,1
2022-01,Canada,2021A000011124,Clay and ceramic products and refractories [29111],"Index, 202001=100",403,units,0,v1230996311,1.305,110.6,,,,1
2022-02,Canada,2021A000011124,Clay and ceramic products and refractories [29111],"Index, 202001=100",403,units,0,v1230996311,1.305,110.7,,,,1
2022-03,Canada,2021A000011124,Clay and ceramic products and refractories [29111],"Index, 202001=100",403,units,0,v1230996311,1.305,110.7,,,,1
2022-04,Canada,2021A000011124,Clay and ceramic products and refractories [29111],"Index, 202001=100",403,units,0,v1230996311,1.305,110.9,,,,1
2022-05,Canada,2021A000011124,Clay and ceramic products and refractories [29111],"Index, 202001=100",403,units,0,v1230996311,1.305,111,,,,1
2022-06,Canada,2021A000011124,Clay and ceramic products and refractories [29111],"Index, 202001=100",403,units,0,v1230996311,1.305,110.9,,,,1
2022-07,Canada,2021A000011124,Clay and ceramic products and refractories [29111],"Index, 202001=100",403,units,0,v1230996311,1.305,110.8,,,,1
2022-08,Canada,2021A000011124,Clay and ceramic products and refractories [29111],"Index, 202001=100",403,units,0,v1230996311,1.305,111,,,,1
2022-09,Canada,2021A000011124,Clay and ceramic products and refractories [29111],"Index, 202001=100",403,units,0,v1230996311,1.305,110.9,,,,1
2022-10,Canada,2021A000011124,Clay and ceramic products and refractories [29111],"Index, 202001=100",403,units,0,v1230996311,1.305,110.9,,,,1
2022-11,Canada,2021A000011124,Clay and ceramic products and refractories [29111],"Index, 202001=100",403,units,0,v1230996311,1.305,110.8,,,,1
2022-12,Canada,2021A000011124,Clay and ceramic products and refractories [29111],"Index, 202001=100",403,units,0,v1230996311,1.305,110.6,,,,1
2023-01,Canada,2021A000011124,Clay and ceramic products and refractories [29111],"Index, 202001=100",403,units,0,v1230996311,1.305,111,,,,1
2023-02,Canada,2021A000011124,Clay and ceramic products and refractories [29111],"Index, 202001=100",403,units,0,v1230996311,1.305,111,,,,1
2023-03,Canada,2021A000011124,Clay and ceramic products and refractories [29111],"Index, 202001=100",403,units,0,v1230996311,1.305,111.1,,,,1
2023-04,Canada,2021A000011124,Clay and ceramic products and refractories [29111],"Index, 202001=100",403,units,0,v1230996311,1.305,111.2,,,,1
2023-05,Canada,2021A000011124,Clay and ceramic products and refractories [29111],"Index, 202001=100",403,units,0,v1230996311,1.305,111.2,,,,1
2023-06,Canada,2021A000011124,Clay and ceramic products and refractories [29111],"Index, 202001=100",403,units,0,v1230996311,1.305,111.1,,,,1
2023-07,Canada,2021A000011124,Clay and ceramic products and refractories [29111],"Index, 202001=100",403,units,0,v1230996311,1.305,111.1,,,,1
2023-08,Canada,2021A000011124,Clay and ceramic products and refractories [29111],"Index, 202001=100",403,units,0,v1230996311,1.305,110.9,,,,1
2023-09,Canada,2021A000011124,Clay and ceramic products and refractories [29111],"Index, 202001=100",403,units,0,v1230996311,1.305,112.1,,,,1
2023-10,Canada,2021A000011124,Clay and ceramic products and refractories [29111],"Index, 202001=100",403,units,0,v1230996311,1.305,142.9,,,,1
2023-11,Canada,2021A000011124,Clay and ceramic products and refractories [29111],"Index, 202001=100",403,units,0,v1230996311,1.305,185.8,,,,1
2023-12,Canada,2021A000011124,Clay and ceramic products and refractories [29111],"Index, 202001=100",403,units,0,v1230996311,1.305,186.1,,,,1
2024-01,Canada,2021A000011124,Clay and ceramic products and refractories [29111],"Index, 202001=100",403,units,0,v1230996311,1.305,185.8,,,,1
2024-02,Canada,2021A000011124,Clay and ceramic products and refractories [29111],"Index, 202001=100",403,units,0,v1230996311,1.305,186.1,,,,1
2024-03,Canada,2021A000011124,Clay and ceramic products and refractories [29111],"Index, 202001=100",403,units,0,v1230996311,1.305,186.1,,,,1
2024-04,Canada,2021A000011124,Clay and ceramic products and refractories [29111],"Index, 202001=100",403,units,0,v1230996311,1.305,186.1,,,,1
2024-05,Canada,2021A000011124,Clay and ceramic products and refractories [29111],"Index, 202001=100",403,units,0,v1230996311,1.305,186,,,,1
2024-06,Canada,2021A000011124,Clay and ceramic products and refractories [29111],"Index, 202001=100",403,units,0,v1230996311,1.305,185.9,,,,1
2024-07,Canada,2021A000011124,Clay and ceramic products and refractories [29111],"Index, 202001=100",403,units,0,v1230996311,1.305,185.9,,,,1
2024-08,Canada,2021A000011124,Clay and ceramic products and refractories [29111],"Index, 202001=100",403,units,0,v1230996311,1.305,185.9,,,,1
2024-09,Canada,2021A000011124,Clay and ceramic products and refractories [29111],"Index, 202001=100",403,units,0,v1230996311,1.305,185.9,,,,1
2024-10,Canada,2021A000011124,Clay and ceramic products and refractories [29111],"Index, 202001=100",403,units,0,v1230996311,1.305,185.9,,,,1
2024-11,Canada,2021A000011124,Clay and ceramic products and refractories [29111],"Index, 202001=100",403,units,0,v1230996311,1.305,180.9,,,,1
2024-12,Canada,2021A000011124,Clay and ceramic products and refractories [29111],"Index, 202001=100",403,units,0,v1230996311,1.305,182.3,,,,1
2025-01,Canada,2021A000011124,Clay and ceramic products and refractories [29111],"Index, 202001=100",403,units,0,v1230996311,1.305,179.1,,,,1
2025-02,Canada,2021A000011124,Clay and ceramic products and refractories [29111],"Index, 202001=100",403,units,0,v1230996311,1.305,177.4,,,,1
2025-03,Canada,2021A000011124,Clay and ceramic products and refractories [29111],"Index, 202001=100",403,units,0,v1230996311,1.305,180.3,,,,1
2025-04,Canada,2021A000011124,Clay and ceramic products and refractories [29111],"Index, 202001=100",403,units,0,v1230996311,1.305,163.6,,,,1
2025-05,Canada,2021A000011124,Clay and ceramic products and refractories [29111],"Index, 202001=100",403,units,0,v1230996311,1.305,163.5,,,,1
2025-06,Canada,2021A000011124,Clay and ceramic products and refractories [29111],"Index, 202001=100",403,units,0,v1230996311,1.305,169.5,,,,1
2025-07,Canada,2021A000011124,Clay and ceramic products and refractories [29111],"Index, 202001=100",403,units,0,v1230996311,1.305,167.7,,,,1
2025-08,Canada,2021A000011124,Clay and ceramic products and refractories [29111],"Index, 202001=100",403,units,0,v1230996311,1.305,166.4,,,,1
2025-09,Canada,2021A000011124,Clay and ceramic products and refractories [29111],"Index, 202001=100",403,units,0,v1230996311,1.305,172.1,,,,1
2025-10,Canada,2021A000011124,Clay and ceramic products and refractories [29111],"Index, 202001=100",403,units,0,v1230996311,1.305,181.9,,,,1
2025-11,Canada,2021A000011124,Clay and ceramic products and refractories [29111],"Index, 202001=100",403,units,0,v1230996311,1.305,161.6,,,,1
2025-12,Canada,2021A000011124,Clay and ceramic products and refractories [29111],"Index, 202001=100",403,units,0,v1230996311,1.305,164.8,,,,1
